Username,ID,Money Available,Role,Password,First Name,DOB,Flights Purchased,MinerAirlines Membership,Last Name
mickeymouse,1,112.05,Customer,Fun!23,Mickey,2/29/36,3,true,Mouse,
donaldduck,2,35.85,Customer,Fun!23,Donald,3/21/17,6,true,Duck,
minniemouse,3,108.42,Customer,Fun!23,Minnie,11/23/42,5,false,Mouse,
goofydisney,4,164.04,Customer,Fun!23,Goofy,6/10/34,7,false,Disney,
plutodisney,5,87.64,Customer,Fun!23,Pluto,8/5/95,2,true,Disney,
chipdisney,6,53.56,Customer,Fun!23,Chip,11/28/41,2,false,Disney,
daledisney,7,98.63,Customer,Fun!23,Dale,10/8/50,6,false,Disney,
cinderelladisney,8,93.82,Customer,Fun!23,Cinderella,4/9/98,4,false,Disney,
arieldisney,9,76.43,Customer,Fun!23,Ariel,3/12/37,3,true,Disney,
jasminedisney,10,41.52,Customer,Fun!23,Jasmine,3/22/02,2,true,Disney,
aladdindisney,11,51.6,Customer,Fun!23,Aladdin,11/3/66,5,true,Disney,
simbadisney,12,26.04,Customer,Fun!23,Simba,3/23/29,7,true,Disney,
mufassadisney,13,44.04,Customer,Fun!23,Mufassa,1/24/00,3,true,Disney,
auroradisney,14,55.03,Customer,Fun!23,Aurora,7/18/62,9,true,Disney,
peterpan,15,80.05,Customer,Fun!23,Peter,12/26/30,7,true,Pan,
woodydisney,16,147.46,Customer,Fun!23,Woody,2/20/91,6,false,Disney,
buzzlightyear,17,194.93,Customer,Fun!23,Buzz,12/2/27,8,true,Lightyear,
jafaraladdin,18,12.66,Customer,Fun!23,Jafar,3/16/28,5,false,Aladdin,
urselamermaid,19,115.85,Customer,Fun!23,Ursela,1/11/94,4,true,Mermaid,
beastdisney,20,71.24,Customer,Fun!23,Beast,1/18/44,5,true,Disney,
belledisney,21,112.3,Customer,Fun!23,Belle,10/13/15,2,false,Disney,
cruellade vil,22,36.7,Customer,Fun!23,Cruella,12/12/23,6,false,De Vil,
scarlion,23,217.44,Customer,Fun!23,Scar,5/10/75,4,true,Lion,
simbaking,24,114.39,Customer,Fun!23,Simba,9/20/97,4,true,King,
gastondisney,25,203.43,Customer,Fun!23,Gaston,6/12/32,3,true,Disney,
sherekhan,26,48.51,Customer,Fun!23,Shere,2/18/74,6,false,Khan,
captaiinhook,27,59.17,Customer,Fun!23,Captaiin,8/18/88,2,false,Hook,
kaadisney,28,82.74,Customer,Fun!23,Kaa,1/27/43,4,false,Disney,
evilqueen,29,100.17,Customer,Fun!23,Evil,1/1/58,7,true,Queen,
pinocchiodisney,30,44.74,Customer,Fun!23,Pinocchio,6/25/83,6,false,Disney,
princeeric,31,65.4,Customer,Fun!23,Prince,7/11/07,5,false,Eric,
quasimododisney,32,95.97,Customer,Fun!23,Quasimodo,11/12/78,4,true,Disney,
herculesdisney,33,39.15,Customer,Fun!23,Hercules,6/16/18,4,true,Disney,
mulandisney,34,97.02,Customer,Fun!23,Mulan,2/5/87,2,false,Disney,
lilodisney,35,67.48,Customer,Fun!23,Lilo,8/9/34,2,true,Disney,
stitchdisney,36,66.7,Customer,Fun!23,Stitch,5/16/35,4,true,Disney,
danielmejia,37,22.8,Employee,Fun!23,Daniel,2/22/84,3,true,Mejia,
ashleygilmore,38,6.56,Employee,Fun!23,Ashley,2/3/72,5,true,Gilmore,
dianavalles,39,44.31,Employee,Fun!23,Diana,10/27/05,5,true,Valles,
isabellagaytan,40,34.12,Employee,Fun!23,Isabella,10/9/09,11,true,Gaytan,
dianagarcia,41,12.07,Employee,Fun!23,Diana,2/27/60,4,false,Garcia,
alexisacosta,42,49.39,Employee,Fun!23,Alexis,6/8/80,9,true,Acosta,
akinyemiakinjayeju,43,42.43,Employee,Fun!23,Akinyemi,5/21/18,4,false,Akinjayeju,
bryanarriaga,44,25.9,Employee,Fun!23,Bryan,12/22/73,4,true,Arriaga,
jessicabarragan,45,4.98,Employee,Fun!23,Jessica,6/21/07,10,false,Barragan,
rubencarmonamedrano,46,6.95,Employee,Fun!23,Ruben,6/6/87,7,true,CarmonaMedrano,
brandoncartwrightli,47,17.98,Employee,Fun!23,Brandon,11/9/28,9,true,CartwrightLi,
jasmincuevas,48,33.0,Employee,Fun!23,Jasmin,7/14/33,5,false,Cuevas,
luisdel campo,49,31.18,Employee,Fun!23,Luis,4/18/40,8,true,Del Campo,
garabdorji,50,17.35,Employee,Fun!23,Garab,11/7/75,15,true,Dorji,
marcdriver,51,26.94,Employee,Fun!23,Marc,6/3/84,13,false,Driver,
joseespinoza gonzalez,52,14.05,Employee,Fun!23,Jose,6/19/18,7,true,Espinoza Gonzalez,
alondragonzalezayala,53,41.06,Employee,Fun!23,Alondra,4/12/04,4,true,GonzalezAyala,
omarhoang,54,1.27,Employee,Fun!23,Omar,10/10/39,8,true,Hoang,
ianislas,55,16.15,Employee,Fun!23,Ian,3/22/81,14,true,Islas,
victorlopez,56,50.43,Employee,Fun!23,Victor,8/31/51,11,true,Lopez,
denisseloyavillalobos,57,34.11,Employee,Fun!23,Denisse,1/29/53,7,true,LoyaVillalobos,
miguellucero,58,64.03,Employee,Fun!23,Miguel,11/18/33,5,false,Lucero,
daniellucio,59,31.3,Employee,Fun!23,Daniel,2/26/67,3,true,Lucio,
ashleymagallanes,60,20.96,Employee,Fun!23,Ashley,10/18/27,2,true,Magallanes,
leilamartinez,61,46.54,Employee,Fun!23,Leila,12/17/88,11,true,Martinez,
enriquemunoz,62,1.08,Employee,Fun!23,Enrique,9/7/29,12,true,Munoz,
alejandroolivas,63,2.82,Employee,Fun!23,Alejandro,12/12/90,5,false,Olivas,
santiagoolivas,64,7.77,Employee,Fun!23,Santiago,5/11/42,14,true,Olivas,
bellaquintero,65,12.99,Employee,Fun!23,Bella,8/29/05,4,true,Quintero,
samuelramossanchez,66,32.42,Employee,Fun!23,Samuel,9/29/26,8,true,RamosSanchez,
enriquerico,67,12.87,Employee,Fun!23,Enrique,3/26/18,7,false,Rico,
emiliarivas,68,2.14,Employee,Fun!23,Emilia,11/24/87,5,false,Rivas,
mayrarobles,69,12.49,Employee,Fun!23,Mayra,10/16/26,8,true,Robles,
brianrodilesdelgado,70,5.58,Employee,Fun!23,Brian,9/13/32,7,true,RodilesDelgado,
sethrodriguez,71,46.26,Employee,Fun!23,Seth,2/22/44,7,true,Rodriguez,
jorgerodriguezortega,72,13.08,Employee,Fun!23,Jorge,7/8/55,7,true,RodriguezOrtega,
jose luisrojas,73,18.45,Employee,Fun!23,Jose Luis,3/16/25,11,true,Rojas,
eduardoromero,74,17.21,Employee,Fun!23,Eduardo,3/8/35,12,false,Romero,
gustavorubio,75,21.79,Employee,Fun!23,Gustavo,9/16/42,4,true,Rubio,
sariyahrussell,76,3.67,Employee,Fun!23,Sariyah,7/23/14,8,false,Russell,
ianrybak,77,29.84,Employee,Fun!23,Ian,7/28/09,5,false,Rybak,
luissanchez,78,50.01,Employee,Fun!23,Luis,12/4/48,9,true,Sanchez,
michaelsantoyo,79,30.82,Employee,Fun!23,Michael,4/28/47,11,true,Santoyo,
gabrielasigalaacosta,80,0.2,Employee,Fun!23,Gabriela,1/6/02,8,false,SigalaAcosta,
andressoto,81,38.63,Employee,Fun!23,Andres,9/13/37,12,true,Soto,
gabrielterrazas,82,13.66,Employee,Fun!23,Gabriel,9/17/44,8,true,Terrazas,
sonamtshering,83,28.84,Employee,Fun!23,Sonam,4/9/56,5,false,Tshering,
christinavaltierra,84,37.48,Employee,Fun!23,Christina,12/15/12,11,false,Valtierra,
franciscovazquez,85,5.75,Employee,Fun!23,Francisco,4/13/29,9,false,Vazquez,
andreavillagomez,86,15.14,Employee,Fun!23,Andrea,9/10/82,12,true,Villagomez,
albertovillegas,87,13.97,Employee,Fun!23,Alberto,12/6/20,5,false,Villegas,
geoffwaller,88,49.9,Employee,Fun!23,Geoff,7/29/31,8,true,Waller,
jeffreywalls,89,14.94,Employee,Fun!23,Jeffrey,2/3/52,12,false,Walls,
alexwatson,90,41.61,Employee,Fun!23,Alex,9/14/49,6,true,Watson,
tomperez,91,46.42,Employee,Fun!23,Tom,4/2/54,7,true,Perez,
bradpatel,92,0.38,Employee,Fun!23,Brad,12/17/84,8,false,Patel,
robertlyons,93,32.46,Employee,Fun!23,Robert,4/1/83,10,false,Lyons,
danawilliams,94,50.29,Employee,Fun!23,Dana,3/7/19,7,true,Williams,
brittanyandrews,95,44.78,Employee,Fun!23,Brittany,2/2/94,5,true,Andrews,
seanklein,96,41.47,Employee,Fun!23,Sean,2/26/82,5,true,Klein,
stephaniemcdonald,97,20.66,Employee,Fun!23,Stephanie,8/26/57,9,true,Mcdonald,
danielolson,98,2.34,Employee,Fun!23,Daniel,12/21/17,9,true,Olson,
christophercontreras,99,23.09,Employee,Fun!23,Christopher,6/5/42,7,true,Contreras,
davidbrown,100,3.97,Employee,Fun!23,David,10/26/93,6,true,Brown,
patrickhenderson,101,30.03,Employee,Fun!23,Patrick,2/13/84,15,false,Henderson,
ericaharrison,102,11.26,Employee,Fun!23,Erica,6/18/10,6,false,Harrison,
katherineevans,103,59.13,Employee,Fun!23,Katherine,11/27/95,10,false,Evans,
robertpreston,104,5.61,Employee,Fun!23,Robert,9/25/10,7,true,Preston,
melissamccormick,105,13.57,Employee,Fun!23,Melissa,6/15/15,16,true,Mccormick,
austingriffin,106,21.94,Employee,Fun!23,Austin,3/28/00,8,false,Griffin,
michaelsanchez,107,18.54,Employee,Fun!23,Michael,4/23/51,13,true,Sanchez,
theresaobrien,108,8.7,Employee,Fun!23,Theresa,8/28/49,5,false,Obrien,
chelseagallagher,109,23.65,Employee,Fun!23,Chelsea,8/2/29,6,true,Gallagher,
crystalhudson,110,22.45,Employee,Fun!23,Crystal,1/4/32,14,true,Hudson,
travismcdonald,111,22.01,Employee,Fun!23,Travis,11/7/37,11,false,Mcdonald,
loganpalmer,112,20.73,Employee,Fun!23,Logan,12/8/78,6,true,Palmer,
reneebradley,113,29.97,Employee,Fun!23,Renee,12/30/22,2,false,Bradley,
michelestevens,114,2.76,Employee,Fun!23,Michele,6/23/84,6,true,Stevens,
kirstenrobinson,115,23.54,Employee,Fun!23,Kirsten,4/14/33,10,true,Robinson,
douglasrodriguez,116,5.26,Employee,Fun!23,Douglas,3/27/38,11,false,Rodriguez,
christophernorris,117,5.17,Employee,Fun!23,Christopher,1/18/64,11,false,Norris,
crystalwalker,118,54.91,Employee,Fun!23,Crystal,3/18/65,6,false,Walker,
seanroberts,119,40.03,Employee,Fun!23,Sean,12/14/47,12,false,Roberts,
brittanyhawkins,120,14.89,Employee,Fun!23,Brittany,7/12/08,8,false,Hawkins,
beverlyjohnson,121,59.08,Employee,Fun!23,Beverly,8/27/86,6,false,Johnson,
stephenellis,122,20.34,Employee,Fun!23,Stephen,8/8/55,9,true,Ellis,
jamesking,123,12.65,Employee,Fun!23,James,4/8/22,7,false,King,
pamelacarter,124,32.55,Employee,Fun!23,Pamela,12/30/94,5,true,Carter,
brianandrews,125,55.48,Employee,Fun!23,Brian,10/15/56,6,true,Andrews,
megannoble,126,13.84,Employee,Fun!23,Megan,12/27/50,8,false,Noble,
monicadavenport,127,1.14,Employee,Fun!23,Monica,11/7/63,8,true,Davenport,
michelleholland,128,0.7,Employee,Fun!23,Michelle,1/29/19,4,false,Holland,
kylehodges,129,73.35,Employee,Fun!23,Kyle,12/8/73,5,false,Hodges,
paulawyatt,130,2.13,Employee,Fun!23,Paula,6/29/67,8,true,Wyatt,
shanemiller,131,3.92,Employee,Fun!23,Shane,3/3/66,17,true,Miller,
kimberlykline,132,55.88,Employee,Fun!23,Kimberly,3/31/92,7,true,Kline,
hannaharias,133,35.11,Employee,Fun!23,Hannah,6/11/85,9,false,Arias,
danielhampton,134,12.25,Employee,Fun!23,Daniel,11/16/62,10,false,Hampton,
jerrycurtis,135,0.36,Employee,Fun!23,Jerry,9/25/37,15,false,Curtis,
jeffreyweiss,136,6.12,Employee,Fun!23,Jeffrey,2/19/87,9,false,Weiss,
ronaldparker,137,26.42,Employee,Fun!23,Ronald,1/20/35,4,true,Parker,
christophercoleman,138,22.88,Employee,Fun!23,Christopher,8/19/86,5,true,Coleman,
thomasclark,139,44.13,Employee,Fun!23,Thomas,10/2/77,11,false,Clark,
ashleyromero,140,29.35,Employee,Fun!23,Ashley,5/4/24,14,true,Romero,
gailparker,141,46.87,Employee,Fun!23,Gail,12/22/26,14,true,Parker,
seanmedina,142,8.31,Employee,Fun!23,Sean,9/4/16,3,true,Medina,
edwardhernandez,143,32.17,Employee,Fun!23,Edward,11/17/28,5,true,Hernandez,
toddbrooks,144,5.41,Employee,Fun!23,Todd,7/1/64,9,false,Brooks,
richardtorres,145,37.81,Employee,Fun!23,Richard,5/15/49,4,true,Torres,
davidgardner,146,33.15,Employee,Fun!23,David,9/16/04,10,true,Gardner,
rachelvasquez,147,10.13,Employee,Fun!23,Rachel,10/31/81,8,false,Vasquez,
ashleyevans,148,18.97,Employee,Fun!23,Ashley,10/18/79,11,true,Evans,
nancymorgan,149,11.48,Employee,Fun!23,Nancy,11/18/84,6,false,Morgan,
richardvargas,150,56.88,Employee,Fun!23,Richard,1/2/88,3,true,Vargas,
derrickgrant,151,32.38,Employee,Fun!23,Derrick,9/9/52,7,false,Grant,
victoriamartin,152,58.26,Employee,Fun!23,Victoria,2/28/21,9,false,Martin,
marissawagner,153,0.01,Employee,Fun!23,Marissa,5/17/89,9,true,Wagner,
stephanieharris,154,22.77,Employee,Fun!23,Stephanie,12/3/51,4,false,Harris,
richardblackwell,155,25.81,Employee,Fun!23,Richard,6/9/36,2,false,Blackwell,
dylanharris,156,18.89,Employee,Fun!23,Dylan,2/6/28,2,false,Harris,
philipzamora,157,33.8,Employee,Fun!23,Philip,9/16/33,12,true,Zamora,
melaniekirk,158,9.85,Employee,Fun!23,Melanie,6/16/47,7,true,Kirk,
michaelmoran,159,25.43,Employee,Fun!23,Michael,7/31/24,10,true,Moran,
jasonburke,160,9.41,Employee,Fun!23,Jason,12/19/14,10,true,Burke,
susanhill,161,1.54,Employee,Fun!23,Susan,2/3/29,8,false,Hill,
laurenneal,162,5.5,Employee,Fun!23,Lauren,9/9/61,9,false,Neal,
jenniferwilliams,163,1.1,Employee,Fun!23,Jennifer,4/18/30,11,true,Williams,
haleymoss,164,32.5,Employee,Fun!23,Haley,5/8/02,8,false,Moss,
justinwilson,165,36.59,Employee,Fun!23,Justin,9/17/75,9,false,Wilson,
craigespinoza,166,0.79,Employee,Fun!23,Craig,11/2/82,3,false,Espinoza,
juliealexander,167,18.41,Employee,Fun!23,Julie,9/1/44,12,false,Alexander,
anthonysanchez,168,15.31,Employee,Fun!23,Anthony,2/1/34,4,true,Sanchez,
thomasking,169,45.12,Employee,Fun!23,Thomas,4/19/44,11,false,King,
christinawalker,170,37.42,Employee,Fun!23,Christina,5/3/81,8,false,Walker,
lindabennett,171,12.32,Employee,Fun!23,Linda,12/24/34,7,false,Bennett,
karlajohnson,172,10.96,Employee,Fun!23,Karla,3/24/33,13,true,Johnson,
jillhenderson,173,8.57,Employee,Fun!23,Jill,3/17/94,5,true,Henderson,
sandrarogers,174,2.66,Employee,Fun!23,Sandra,3/31/47,2,true,Rogers,
samuelharrington,175,55.8,Employee,Fun!23,Samuel,10/15/29,5,false,Harrington,
andrewgarcia,176,7.69,Employee,Fun!23,Andrew,12/30/39,6,false,Garcia,
jamespittman,177,34.37,Employee,Fun!23,James,9/23/19,7,true,Pittman,
shannonholden,178,35.8,Employee,Fun!23,Shannon,1/19/12,11,true,Holden,
reneezimmerman,179,4.92,Employee,Fun!23,Renee,9/4/91,5,false,Zimmerman,
richardbrown,180,53.99,Employee,Fun!23,Richard,8/11/64,4,true,Brown,
michaelsmith,181,46.68,Employee,Fun!23,Michael,6/27/14,9,true,Smith,
nathancoleman,182,66.64,Employee,Fun!23,Nathan,2/16/38,5,true,Coleman,
kimberlyrichardson,183,17.14,Employee,Fun!23,Kimberly,9/21/30,13,true,Richardson,
emilyrichardson,184,51.43,Employee,Fun!23,Emily,2/18/78,8,true,Richardson,
michaelwhite,185,12.53,Employee,Fun!23,Michael,12/21/72,12,true,White,
codyscott,186,7.29,Employee,Fun!23,Cody,12/3/32,10,true,Scott,
jeremyalvarez,187,40.32,Employee,Fun!23,Jeremy,2/16/83,4,false,Alvarez,
keithortiz,188,0.41,Employee,Fun!23,Keith,8/23/19,12,false,Ortiz,
markramos,189,32.65,Employee,Fun!23,Mark,6/25/69,7,true,Ramos,
ericvazquez,190,33.89,Employee,Fun!23,Eric,4/18/96,6,false,Vazquez,
jameshammond,191,14.23,Employee,Fun!23,James,7/26/66,7,false,Hammond,
michellemaldonado,192,6.56,Employee,Fun!23,Michelle,5/31/24,10,false,Maldonado,
jeremymorris,193,8.29,Employee,Fun!23,Jeremy,12/26/79,10,true,Morris,
oliviaromero,194,16.7,Employee,Fun!23,Olivia,5/22/78,2,false,Romero,
nicholasanderson,195,12.75,Employee,Fun!23,Nicholas,10/5/23,7,false,Anderson,
kimbuckley,196,5.04,Employee,Fun!23,Kim,9/16/61,7,true,Buckley,
nicolerowland,197,21.54,Employee,Fun!23,Nicole,2/19/84,14,true,Rowland,
samanthahowell,198,17.95,Employee,Fun!23,Samantha,4/24/84,3,true,Howell,
jerrylee,199,29.14,Employee,Fun!23,Jerry,6/2/74,6,true,Lee,
jamesnolan,200,14.17,Employee,Fun!23,James,7/31/02,9,true,Nolan,
sharonmiller,201,18.54,Employee,Fun!23,Sharon,10/25/37,13,true,Miller,
andrewparks,202,59.99,Employee,Fun!23,Andrew,9/18/36,7,false,Parks,
ethanholmes,203,13.88,Employee,Fun!23,Ethan,12/4/10,8,false,Holmes,
marklozano,204,58.48,Employee,Fun!23,Mark,1/7/87,9,true,Lozano,
mollycohen,205,33.55,Employee,Fun!23,Molly,10/27/27,5,false,Cohen,
zacharyellison,206,30.59,Employee,Fun!23,Zachary,7/31/74,14,false,Ellison,
donnaallen,207,57.38,Employee,Fun!23,Donna,1/11/94,10,true,Allen,
amandamiller,208,11.91,Employee,Fun!23,Amanda,4/6/98,5,true,Miller,
shirleyfoster,209,7.97,Employee,Fun!23,Shirley,12/7/56,3,true,Foster,
jeffreydelgado,210,2.81,Employee,Fun!23,Jeffrey,2/13/99,8,false,Delgado,
brianjensen,211,43.19,Employee,Fun!23,Brian,7/13/86,7,false,Jensen,
sheilalewis,212,29.35,Employee,Fun!23,Sheila,9/12/74,16,true,Lewis,
leeburke,213,9.24,Employee,Fun!23,Lee,12/23/89,11,true,Burke,
susanalvarez,214,22.14,Employee,Fun!23,Susan,9/21/19,12,true,Alvarez,
bridgetwagner,215,64.2,Employee,Fun!23,Bridget,7/21/91,5,false,Wagner,
virginiaphelps,216,39.84,Employee,Fun!23,Virginia,11/13/68,5,false,Phelps,
chasemiller,217,19.6,Employee,Fun!23,Chase,8/1/47,8,false,Miller,
timothyromero,218,41.33,Employee,Fun!23,Timothy,3/21/98,5,false,Romero,
cesarjones,219,50.36,Employee,Fun!23,Cesar,3/15/94,7,true,Jones,
kathrynperez,220,19.98,Employee,Fun!23,Kathryn,2/13/51,4,true,Perez,
lisagarrett,221,20.3,Employee,Fun!23,Lisa,12/22/41,13,false,Garrett,
marklee,222,9.08,Employee,Fun!23,Mark,9/9/02,8,true,Lee,
kellyyu,223,41.72,Employee,Fun!23,Kelly,3/9/20,7,false,Yu,
christiansmith,224,34.84,Employee,Fun!23,Christian,4/26/07,8,false,Smith,
robertpark,225,81.71,Employee,Fun!23,Robert,6/5/11,11,true,Park,
arianalara,226,28.14,Employee,Fun!23,Ariana,4/2/67,3,true,Lara,
robertogutierrez,227,62.65,Employee,Fun!23,Roberto,12/8/82,11,false,Gutierrez,
mariamccarthy,228,52.7,Employee,Fun!23,Maria,6/3/68,8,false,Mccarthy,
brittanyray,229,25.81,Employee,Fun!23,Brittany,4/10/13,14,false,Ray,
shannonavery,230,1.74,Employee,Fun!23,Shannon,10/28/39,9,true,Avery,
joannatrevino,231,12.24,Employee,Fun!23,Joanna,2/5/88,7,true,Trevino,
paulfisher,232,15.96,Employee,Fun!23,Paul,8/5/98,8,false,Fisher,
alexanderkelly,233,6.33,Employee,Fun!23,Alexander,8/17/36,6,true,Kelly,
destinyferguson,234,16.33,Employee,Fun!23,Destiny,3/21/84,4,true,Ferguson,
samanthamay,235,7.11,Employee,Fun!23,Samantha,4/3/60,15,true,May,
josephlewis,236,58.37,Employee,Fun!23,Joseph,1/14/06,5,true,Lewis,
andrewcampos,237,15.0,Employee,Fun!23,Andrew,4/13/44,7,false,Campos,
jessemontgomery,238,4.83,Employee,Fun!23,Jesse,2/7/46,8,false,Montgomery,
annagutierrez,239,38.19,Employee,Fun!23,Anna,4/4/70,5,false,Gutierrez,
joelarellano,240,20.35,Employee,Fun!23,Joel,9/24/31,12,true,Arellano,
kayleepatterson,241,53.87,Employee,Fun!23,Kaylee,10/12/32,6,false,Patterson,
jameshenderson,242,17.16,Employee,Fun!23,James,6/16/00,7,false,Henderson,
ashleyjones,243,20.83,Employee,Fun!23,Ashley,4/4/40,3,false,Jones,
erikcase,244,30.0,Employee,Fun!23,Erik,10/16/05,14,false,Case,
dorothycox,245,22.57,Employee,Fun!23,Dorothy,7/1/16,8,true,Cox,
jeffreymarquez,246,41.89,Employee,Fun!23,Jeffrey,2/23/28,9,true,Marquez,
davidgross,247,24.22,Employee,Fun!23,David,12/1/12,9,false,Gross,
christopherwright,248,21.19,Employee,Fun!23,Christopher,12/5/76,8,false,Wright,
jessicamoore,249,39.96,Employee,Fun!23,Jessica,2/9/63,7,true,Moore,
alejandramorris,250,17.12,Employee,Fun!23,Alejandra,10/3/13,9,false,Morris,
darinporter,251,39.46,Employee,Fun!23,Darin,4/28/05,5,false,Porter,
alexisford,252,3.45,Employee,Fun!23,Alexis,2/21/94,10,true,Ford,
barbararobertson,253,1.79,Employee,Fun!23,Barbara,5/29/53,5,true,Robertson,
davidwright,254,28.95,Employee,Fun!23,David,2/27/69,11,false,Wright,
jessicamartin,255,7.09,Employee,Fun!23,Jessica,12/29/29,9,true,Martin,
brookepadilla,256,56.23,Employee,Fun!23,Brooke,9/24/40,13,true,Padilla,
susanhumphrey,257,22.85,Employee,Fun!23,Susan,2/16/23,10,false,Humphrey,
robertwu,258,53.82,Employee,Fun!23,Robert,5/25/32,10,false,Wu,
karenthomas,259,10.42,Employee,Fun!23,Karen,11/29/33,5,false,Thomas,
chrisholden,260,14.63,Employee,Fun!23,Chris,3/11/71,7,false,Holden,
matthewerickson,261,3.44,Employee,Fun!23,Matthew,11/23/07,4,true,Erickson,
leroywalters,262,48.39,Employee,Fun!23,Leroy,9/30/99,8,true,Walters,
briancastillo,263,35.1,Employee,Fun!23,Brian,4/10/32,10,false,Castillo,
jamesromero,264,24.59,Employee,Fun!23,James,9/26/28,6,false,Romero,
karenzhang,265,2.28,Employee,Fun!23,Karen,2/26/12,9,true,Zhang,
davidthomas,266,12.77,Employee,Fun!23,David,12/9/33,12,true,Thomas,
williamhunter,267,42.23,Employee,Fun!23,William,11/7/41,8,false,Hunter,
craigschaefer,268,7.93,Employee,Fun!23,Craig,11/7/19,12,true,Schaefer,
michellejones,269,18.17,Employee,Fun!23,Michelle,5/4/57,10,true,Jones,
angelicabruce,270,42.48,Employee,Fun!23,Angelica,4/17/72,11,true,Bruce,
susanallen,271,28.25,Employee,Fun!23,Susan,3/21/92,14,true,Allen,
tanyadavis,272,1.38,Employee,Fun!23,Tanya,11/30/09,13,false,Davis,
markrichards,273,47.18,Employee,Fun!23,Mark,4/28/87,7,false,Richards,
shannonbennett,274,19.73,Employee,Fun!23,Shannon,3/18/13,7,true,Bennett,
robertdavis,275,10.74,Employee,Fun!23,Robert,8/25/63,11,true,Davis,
allisonchang,276,45.67,Employee,Fun!23,Allison,11/21/81,11,true,Chang,
michaelwilliams,277,0.33,Employee,Fun!23,Michael,7/14/66,15,false,Williams,
susangarcia,278,20.38,Employee,Fun!23,Susan,8/11/03,7,true,Garcia,
mariowalker,279,6.01,Employee,Fun!23,Mario,6/2/91,7,false,Walker,
marychurch,280,9.93,Employee,Fun!23,Mary,1/31/53,11,true,Church,
gregorysullivan,281,0.0,Employee,Fun!23,Gregory,2/6/45,9,true,Sullivan,
laurenhall,282,7.2,Employee,Fun!23,Lauren,11/18/29,5,true,Hall,
dawnking,283,61.42,Employee,Fun!23,Dawn,8/8/30,7,true,King,
danielromero,284,21.71,Employee,Fun!23,Daniel,12/27/16,6,true,Romero,
jacquelinedunn,285,10.35,Employee,Fun!23,Jacqueline,6/15/54,6,false,Dunn,
chrisking,286,24.44,Employee,Fun!23,Chris,5/20/61,5,false,King,
tammymartinez,287,27.56,Employee,Fun!23,Tammy,11/24/97,8,false,Martinez,
dustinoliver,288,30.94,Employee,Fun!23,Dustin,5/1/18,8,true,Oliver,
nicoleharvey,289,49.46,Employee,Fun!23,Nicole,1/14/93,7,true,Harvey,
matthewperez,290,45.04,Employee,Fun!23,Matthew,8/23/70,9,false,Perez,
kristyhoover,291,21.36,Employee,Fun!23,Kristy,4/1/59,7,false,Hoover,
marycruz,292,2.77,Employee,Fun!23,Mary,6/22/23,5,true,Cruz,
alexandrarobinson,293,22.29,Employee,Fun!23,Alexandra,2/10/77,7,false,Robinson,
tamialexander,294,40.32,Employee,Fun!23,Tami,2/13/62,6,false,Alexander,
susandavis,295,53.98,Employee,Fun!23,Susan,10/5/12,11,true,Davis,
jeffreyluna,296,52.82,Employee,Fun!23,Jeffrey,3/30/16,9,false,Luna,
adammaldonado,297,30.56,Employee,Fun!23,Adam,9/10/32,5,false,Maldonado,
mariamitchell,298,54.52,Employee,Fun!23,Maria,3/6/11,6,true,Mitchell,
stephenvillegas,299,4.19,Employee,Fun!23,Stephen,2/1/88,5,true,Villegas,
ryanmcconnell,300,3.48,Employee,Fun!23,Ryan,6/28/18,9,true,Mcconnell,
theresamacias,301,24.18,Employee,Fun!23,Theresa,8/27/00,9,false,Macias,
lancedominguez,302,36.95,Employee,Fun!23,Lance,11/4/97,10,false,Dominguez,
bradleyrodriguez,303,11.15,Employee,Fun!23,Bradley,3/7/35,10,false,Rodriguez,
gloriapage,304,43.65,Employee,Fun!23,Gloria,6/5/00,3,false,Page,
jasmineramirez,305,17.66,Employee,Fun!23,Jasmine,4/30/39,5,true,Ramirez,
davidmills,306,10.9,Employee,Fun!23,David,5/11/78,6,true,Mills,
elizabethkim,307,67.18,Employee,Fun!23,Elizabeth,6/2/95,8,false,Kim,
laurasmith,308,24.1,Employee,Fun!23,Laura,6/17/27,12,true,Smith,
amybradley,309,19.7,Employee,Fun!23,Amy,7/8/24,8,true,Bradley,
denisemorales,310,53.53,Employee,Fun!23,Denise,4/30/74,7,false,Morales,
marissaoconnell,311,59.75,Employee,Fun!23,Marissa,12/31/24,10,false,Oconnell,
gregorymaxwell,312,7.34,Employee,Fun!23,Gregory,11/28/80,4,false,Maxwell,
jennyhenry,313,8.33,Employee,Fun!23,Jenny,3/20/84,8,false,Henry,
matthewcampbell,314,16.92,Employee,Fun!23,Matthew,7/18/92,3,false,Campbell,
lisagaines,315,3.77,Employee,Fun!23,Lisa,3/18/02,8,false,Gaines,
jonathanchristian,316,1.69,Employee,Fun!23,Jonathan,1/11/35,8,false,Christian,
brendadouglas,317,54.89,Employee,Fun!23,Brenda,6/12/68,6,false,Douglas,
rachelphillips,318,46.95,Employee,Fun!23,Rachel,4/16/91,7,false,Phillips,
jadecrawford,319,32.11,Employee,Fun!23,Jade,11/25/80,10,true,Crawford,
brianjacobson,320,4.4,Employee,Fun!23,Brian,8/23/52,8,false,Jacobson,
franciscomoore,321,0.02,Employee,Fun!23,Francisco,12/31/59,8,false,Moore,
kathleensmall,322,22.35,Employee,Fun!23,Kathleen,11/23/39,8,false,Small,
lindsaywebster,323,28.47,Employee,Fun!23,Lindsay,4/3/66,8,true,Webster,
michelleortiz,324,31.61,Employee,Fun!23,Michelle,12/13/86,13,false,Ortiz,
cherylwilson,325,30.0,Employee,Fun!23,Cheryl,4/4/98,12,true,Wilson,
melissarivera,326,27.19,Employee,Fun!23,Melissa,3/23/29,4,true,Rivera,
bryanhardy,327,13.45,Employee,Fun!23,Bryan,10/22/02,9,false,Hardy,
jasonwolfe,328,12.19,Employee,Fun!23,Jason,2/7/54,6,true,Wolfe,
staceypaul,329,46.86,Employee,Fun!23,Stacey,2/26/71,8,true,Paul,
crystaljohnson,330,7.92,Employee,Fun!23,Crystal,2/16/74,9,true,Johnson,
jordanwilson,331,49.01,Employee,Fun!23,Jordan,10/30/82,12,false,Wilson,
amandashepherd,332,7.38,Employee,Fun!23,Amanda,2/3/53,11,true,Shepherd,
alexandercameron,333,22.87,Employee,Fun!23,Alexander,12/1/33,4,false,Cameron,
kevinscott,334,27.6,Employee,Fun!23,Kevin,2/9/85,16,false,Scott,
kyletaylor,335,41.09,Employee,Fun!23,Kyle,10/6/98,4,false,Taylor,
kimberlygarcia,336,24.83,Employee,Fun!23,Kimberly,6/1/79,10,false,Garcia,
chelseaporter,337,40.23,Employee,Fun!23,Chelsea,4/3/40,4,false,Porter,
emmaarmstrong,338,1.87,Employee,Fun!23,Emma,5/10/00,12,true,Armstrong,
courtneyjohnson,339,18.97,Employee,Fun!23,Courtney,4/14/74,7,false,Johnson,
ronaldkent,340,14.24,Employee,Fun!23,Ronald,7/26/35,5,false,Kent,
rickythompson,341,34.42,Employee,Fun!23,Ricky,7/28/52,11,true,Thompson,
denisewilliams,342,37.36,Employee,Fun!23,Denise,8/29/00,3,true,Williams,
jeffreysloan,343,15.46,Employee,Fun!23,Jeffrey,4/24/57,12,false,Sloan,
brianhayes,344,9.87,Employee,Fun!23,Brian,7/19/60,8,false,Hayes,
patriciaglenn,345,14.25,Employee,Fun!23,Patricia,3/29/44,11,false,Glenn,
carolinetorres,346,45.58,Employee,Fun!23,Caroline,12/28/86,6,false,Torres,
benjaminjohnson,347,25.68,Employee,Fun!23,Benjamin,11/8/42,5,true,Johnson,
christinawheeler,348,4.86,Employee,Fun!23,Christina,8/27/13,7,true,Wheeler,
valeriemoore,349,23.41,Employee,Fun!23,Valerie,12/31/00,8,false,Moore,
deborahhunt,350,3.44,Employee,Fun!23,Deborah,2/10/78,9,true,Hunt,
sarahmosley,351,3.46,Employee,Fun!23,Sarah,6/28/71,4,true,Mosley,
donaldhaynes,352,25.51,Employee,Fun!23,Donald,11/22/44,7,true,Haynes,
lisabrown,353,31.48,Employee,Fun!23,Lisa,5/29/09,10,true,Brown,
kennethsmith,354,35.82,Employee,Fun!23,Kenneth,9/25/02,8,true,Smith,
heidibarker,355,31.01,Employee,Fun!23,Heidi,8/28/62,7,true,Barker,
williamwolf,356,6.14,Employee,Fun!23,William,1/23/20,11,false,Wolf,
elizabethcordova,357,10.02,Employee,Fun!23,Elizabeth,2/10/72,12,true,Cordova,
christopherjones,358,17.22,Employee,Fun!23,Christopher,1/21/66,14,true,Jones,
robertwilson,359,5.46,Employee,Fun!23,Robert,8/6/30,7,false,Wilson,
amberbrown,360,35.89,Employee,Fun!23,Amber,11/8/30,4,false,Brown,
antoniobrooks,361,21.91,Employee,Fun!23,Antonio,5/25/16,7,false,Brooks,
dakotabender,362,51.17,Employee,Fun!23,Dakota,2/23/87,10,false,Bender,
kevinswanson,363,24.11,Employee,Fun!23,Kevin,9/13/60,9,true,Swanson,
christopherdominguez,364,4.38,Employee,Fun!23,Christopher,8/17/31,7,true,Dominguez,
peggymurphy,365,5.03,Employee,Fun!23,Peggy,12/26/85,5,false,Murphy,
edwardjohnson,366,55.6,Employee,Fun!23,Edward,11/3/54,6,true,Johnson,
mistyhorton,367,7.34,Employee,Fun!23,Misty,1/31/46,2,false,Horton,
christopherfoster,368,50.98,Employee,Fun!23,Christopher,3/30/38,7,false,Foster,
carriebennett,369,3.43,Employee,Fun!23,Carrie,3/26/65,14,true,Bennett,
natashawheeler,370,45.87,Employee,Fun!23,Natasha,5/26/73,7,false,Wheeler,
angeljoseph,371,27.83,Employee,Fun!23,Angel,3/20/90,9,true,Joseph,
danielfoster,372,2.1,Employee,Fun!23,Daniel,6/2/05,15,true,Foster,
rhondakane,373,4.11,Employee,Fun!23,Rhonda,3/12/68,8,true,Kane,
jeffreygonzalez,374,34.27,Employee,Fun!23,Jeffrey,9/28/44,8,false,Gonzalez,
jeremiahwilliamson,375,1.88,Employee,Fun!23,Jeremiah,6/9/80,5,false,Williamson,
deansmith,376,0.47,Employee,Fun!23,Dean,4/24/71,13,false,Smith,
lisastafford,377,11.47,Employee,Fun!23,Lisa,4/3/18,6,false,Stafford,
travisruiz,378,23.95,Employee,Fun!23,Travis,6/24/52,7,false,Ruiz,
marystevens,379,40.96,Employee,Fun!23,Mary,2/24/56,13,true,Stevens,
shanearnold,380,28.5,Employee,Fun!23,Shane,9/13/72,13,false,Arnold,
teresajacobs,381,47.32,Employee,Fun!23,Teresa,10/24/74,6,true,Jacobs,
joshuameadows,382,57.88,Employee,Fun!23,Joshua,9/21/62,7,true,Meadows,
thomaselliott,383,10.55,Employee,Fun!23,Thomas,1/5/20,6,false,Elliott,
elizabethalvarez,384,20.38,Employee,Fun!23,Elizabeth,2/2/61,10,false,Alvarez,
aliciajenkins,385,26.1,Employee,Fun!23,Alicia,5/7/44,6,true,Jenkins,
jacobwilliams,386,6.43,Employee,Fun!23,Jacob,4/27/75,13,true,Williams,
michelecummings,387,3.54,Employee,Fun!23,Michele,1/6/66,7,true,Cummings,
craigoconnell,388,4.71,Employee,Fun!23,Craig,5/29/75,8,true,Oconnell,
josephbrooks,389,22.0,Employee,Fun!23,Joseph,10/17/54,6,false,Brooks,
anthonyhardin,390,5.54,Employee,Fun!23,Anthony,2/18/75,5,false,Hardin,
normanfreeman,391,4.22,Employee,Fun!23,Norman,5/6/45,10,true,Freeman,
devindiaz,392,20.39,Employee,Fun!23,Devin,4/4/53,10,true,Diaz,
donnatravis,393,45.85,Employee,Fun!23,Donna,2/8/05,9,true,Travis,
tanyakent,394,5.2,Employee,Fun!23,Tanya,4/11/09,15,true,Kent,
keithellis,395,41.22,Employee,Fun!23,Keith,11/3/17,11,false,Ellis,
anthonysims,396,20.11,Employee,Fun!23,Anthony,8/26/60,4,false,Sims,
krystalthompson,397,56.93,Employee,Fun!23,Krystal,8/24/09,5,false,Thompson,
benjaminramirez,398,18.37,Employee,Fun!23,Benjamin,4/12/00,11,true,Ramirez,
scottrose,399,7.42,Employee,Fun!23,Scott,3/18/20,7,false,Rose,
jessicafernandez,400,94.89,Employee,Fun!23,Jessica,7/30/54,11,true,Fernandez,
michaelcastillo,401,16.22,Employee,Fun!23,Michael,6/11/98,10,true,Castillo,
rubenedwards,402,1.2,Employee,Fun!23,Ruben,2/4/21,9,false,Edwards,
ashleywilcox,403,32.16,Employee,Fun!23,Ashley,1/15/53,5,false,Wilcox,
allisoncross,404,26.63,Employee,Fun!23,Allison,10/14/49,8,true,Cross,
anitastein,405,35.16,Employee,Fun!23,Anita,10/27/42,2,false,Stein,
seanhull,406,2.6,Employee,Fun!23,Sean,8/31/08,5,true,Hull,
ricardorodriguez,407,12.26,Employee,Fun!23,Ricardo,3/8/59,9,true,Rodriguez,
davidsoto,408,61.79,Employee,Fun!23,David,2/9/52,9,false,Soto,
kaylamahoney,409,0.54,Employee,Fun!23,Kayla,8/25/26,3,false,Mahoney,
rayhuynh,410,31.03,Employee,Fun!23,Ray,7/11/88,8,false,Huynh,
terrimendez,411,1.13,Employee,Fun!23,Terri,11/19/49,9,false,Mendez,
rachelroberson,412,2.64,Employee,Fun!23,Rachel,10/13/70,13,false,Roberson,
zacharytran,413,29.12,Employee,Fun!23,Zachary,5/13/96,9,true,Tran,
johnwhite,414,0.82,Employee,Fun!23,John,7/26/50,2,true,White,
philipcollins,415,56.31,Employee,Fun!23,Philip,8/23/78,8,false,Collins,
huntermoore,416,36.53,Employee,Fun!23,Hunter,12/12/85,12,false,Moore,
nicolejohnson,417,4.93,Employee,Fun!23,Nicole,7/29/69,11,false,Johnson,
adambass,418,19.08,Employee,Fun!23,Adam,4/6/47,11,true,Bass,
lisaspencer,419,35.09,Employee,Fun!23,Lisa,9/18/88,9,true,Spencer,
justinmartinez,420,2.76,Employee,Fun!23,Justin,1/10/39,6,false,Martinez,
anthonyhunter,421,28.51,Employee,Fun!23,Anthony,9/29/76,5,false,Hunter,
dorismoore,422,11.79,Employee,Fun!23,Doris,1/3/17,13,true,Moore,
elizabethcruz,423,32.43,Employee,Fun!23,Elizabeth,7/5/23,10,false,Cruz,
randykeller,424,17.82,Employee,Fun!23,Randy,2/1/62,9,true,Keller,
brandonneal,425,25.02,Employee,Fun!23,Brandon,7/7/76,12,true,Neal,
marklamb,426,12.79,Employee,Fun!23,Mark,4/28/57,6,true,Lamb,
tiffanymay,427,42.15,Employee,Fun!23,Tiffany,9/17/05,8,false,May,
kristablake,428,5.8,Employee,Fun!23,Krista,1/20/58,11,true,Blake,
johnmorris,429,34.46,Employee,Fun!23,John,2/20/48,7,false,Morris,
jillsolis,430,8.94,Employee,Fun!23,Jill,9/11/04,5,false,Solis,
emmapadilla,431,5.86,Employee,Fun!23,Emma,9/8/09,7,false,Padilla,
beckygray,432,28.06,Employee,Fun!23,Becky,10/27/76,7,true,Gray,
ritaowens,433,20.55,Employee,Fun!23,Rita,10/31/88,17,true,Owens,
kristinapatrick,434,49.44,Employee,Fun!23,Kristina,2/16/05,15,false,Patrick,
raymondwoodward,435,34.18,Employee,Fun!23,Raymond,7/5/27,6,false,Woodward,
rebeccabrown,436,16.08,Employee,Fun!23,Rebecca,11/19/09,10,false,Brown,
samanthathomas,437,2.84,Employee,Fun!23,Samantha,4/20/21,8,true,Thomas,
patricklarsen,438,43.92,Employee,Fun!23,Patrick,4/21/02,8,false,Larsen,
emilybrady,439,4.37,Employee,Fun!23,Emily,5/25/07,8,false,Brady,
aprilturner,440,48.62,Employee,Fun!23,April,6/14/89,8,true,Turner,
stevencabrera,441,25.31,Employee,Fun!23,Steven,8/20/61,6,false,Cabrera,
michaelmurray,442,15.26,Employee,Fun!23,Michael,11/12/48,8,false,Murray,
gregorycarr,443,35.42,Employee,Fun!23,Gregory,4/20/51,7,false,Carr,
daviddavila,444,14.71,Employee,Fun!23,David,5/27/88,6,false,Davila,
brandonsmith,445,6.37,Employee,Fun!23,Brandon,4/1/41,3,false,Smith,
ryanwilkins,446,40.31,Employee,Fun!23,Ryan,7/17/08,4,false,Wilkins,
jonlopez,447,31.39,Employee,Fun!23,Jon,8/8/58,4,true,Lopez,
jennifercopeland,448,78.54,Employee,Fun!23,Jennifer,6/26/56,11,true,Copeland,
alexisshea,449,0.45,Employee,Fun!23,Alexis,6/3/96,9,true,Shea,
geraldbaker,450,0.63,Employee,Fun!23,Gerald,4/4/20,5,true,Baker,
tararodriguez,451,41.04,Employee,Fun!23,Tara,1/11/88,9,true,Rodriguez,
jerryhampton,452,14.59,Employee,Fun!23,Jerry,3/1/51,8,true,Hampton,
raybooth,453,3.13,Employee,Fun!23,Ray,9/23/79,8,false,Booth,
michellesexton,454,10.07,Employee,Fun!23,Michelle,3/5/57,9,true,Sexton,
kaylamorgan,455,16.61,Employee,Fun!23,Kayla,12/29/46,7,true,Morgan,
deborahscott,456,48.38,Employee,Fun!23,Deborah,12/3/26,11,false,Scott,
trevoryoung,457,14.9,Employee,Fun!23,Trevor,7/25/55,7,true,Young,
philipchaney,458,24.34,Employee,Fun!23,Philip,2/27/04,7,false,Chaney,
lindaalexander,459,4.39,Employee,Fun!23,Linda,7/7/18,8,false,Alexander,
jasonskinner,460,37.03,Employee,Fun!23,Jason,8/25/20,9,false,Skinner,
anthonydalton,461,15.16,Employee,Fun!23,Anthony,3/28/66,5,true,Dalton,
kevinlarson,462,79.75,Employee,Fun!23,Kevin,11/3/10,3,false,Larson,
alexandrafox,463,10.62,Employee,Fun!23,Alexandra,8/8/02,7,false,Fox,
garymiller,464,29.8,Employee,Fun!23,Gary,2/17/96,7,false,Miller,
crystalrice,465,23.73,Employee,Fun!23,Crystal,10/5/11,4,true,Rice,
georgewood,466,3.04,Employee,Fun!23,George,4/17/01,10,false,Wood,
christopherraymond,467,60.97,Employee,Fun!23,Christopher,2/17/55,13,false,Raymond,
wendystanton,468,46.82,Employee,Fun!23,Wendy,9/28/13,6,true,Stanton,
theresahardy,469,17.89,Employee,Fun!23,Theresa,2/19/93,2,true,Hardy,
barbarajones,470,59.7,Employee,Fun!23,Barbara,7/14/66,7,true,Jones,
alyssareese,471,4.88,Employee,Fun!23,Alyssa,7/15/50,5,false,Reese,
ericramos,472,11.42,Employee,Fun!23,Eric,12/24/96,6,false,Ramos,
brianlopez,473,19.44,Employee,Fun!23,Brian,8/6/52,3,true,Lopez,
angelamcintyre,474,31.19,Employee,Fun!23,Angela,10/22/84,9,true,Mcintyre,
dorismercado,475,51.86,Employee,Fun!23,Doris,4/10/19,8,true,Mercado,
terristrickland,476,3.27,Employee,Fun!23,Terri,1/9/83,5,true,Strickland,
amyrodriguez,477,31.97,Employee,Fun!23,Amy,10/9/44,13,true,Rodriguez,
thomasbonilla,478,12.6,Employee,Fun!23,Thomas,6/28/21,6,false,Bonilla,
wesleylambert,479,4.4,Employee,Fun!23,Wesley,5/22/77,13,true,Lambert,
kellybell,480,15.8,Employee,Fun!23,Kelly,9/7/92,5,false,Bell,
michellewood,481,27.01,Employee,Fun!23,Michelle,3/9/06,10,false,Wood,
derekirwin,482,4.53,Employee,Fun!23,Derek,3/16/75,12,true,Irwin,
brandigordon,483,8.69,Employee,Fun!23,Brandi,5/11/46,9,false,Gordon,
juliangutierrez,484,58.76,Employee,Fun!23,Julian,8/10/15,5,false,Gutierrez,
samanthacooper,485,32.08,Employee,Fun!23,Samantha,11/20/32,10,false,Cooper,
kevingould,486,13.51,Employee,Fun!23,Kevin,3/8/40,5,true,Gould,
michaelfox,487,7.44,Employee,Fun!23,Michael,11/19/83,8,false,Fox,
stevenowens,488,31.79,Employee,Fun!23,Steven,6/28/13,13,false,Owens,
ambersellers,489,48.82,Employee,Fun!23,Amber,5/3/04,8,true,Sellers,
joseevans,490,3.05,Employee,Fun!23,Jose,10/2/62,10,true,Evans,
jessicaanderson,491,4.23,Employee,Fun!23,Jessica,11/6/61,9,false,Anderson,
joecochran,492,30.78,Employee,Fun!23,Joe,4/20/77,1,true,Cochran,
michaelrobinson,493,0.42,Employee,Fun!23,Michael,3/4/61,12,false,Robinson,
matthewporter,494,59.74,Employee,Fun!23,Matthew,2/2/60,6,true,Porter,
angelbarber,495,24.98,Employee,Fun!23,Angel,12/5/08,7,true,Barber,
darleneshaw,496,25.7,Employee,Fun!23,Darlene,1/26/10,13,false,Shaw,
gabrielhansen,497,5.61,Employee,Fun!23,Gabriel,1/20/34,3,false,Hansen,
brittanynielsen,498,12.06,Employee,Fun!23,Brittany,1/7/60,12,false,Nielsen,
jessicafrye,499,8.2,Employee,Fun!23,Jessica,4/1/69,8,false,Frye,
bruceclark,500,26.48,Employee,Fun!23,Bruce,5/11/17,11,false,Clark,
justindavis,501,14.26,Employee,Fun!23,Justin,2/20/17,4,true,Davis,
louisboone,502,43.87,Employee,Fun!23,Louis,7/1/43,5,true,Boone,
amymcpherson,503,14.7,Employee,Fun!23,Amy,11/30/72,7,true,Mcpherson,
debrablackwell,504,16.06,Employee,Fun!23,Debra,12/22/74,4,true,Blackwell,
angelalang,505,4.54,Employee,Fun!23,Angela,3/27/82,3,false,Lang,
danielledorsey,506,29.39,Employee,Fun!23,Danielle,1/11/16,7,true,Dorsey,
hannahmaldonado,507,2.39,Employee,Fun!23,Hannah,5/25/10,6,false,Maldonado,
michaelamiranda,508,15.98,Employee,Fun!23,Michaela,7/24/51,3,false,Miranda,
tamiweaver,509,2.27,Employee,Fun!23,Tami,6/7/27,7,false,Weaver,
edwardjackson,510,39.27,Employee,Fun!23,Edward,6/13/37,9,false,Jackson,
stevenhernandez,511,34.66,Employee,Fun!23,Steven,6/21/27,14,true,Hernandez,
marychapman,512,14.64,Employee,Fun!23,Mary,2/5/64,10,true,Chapman,
colleentorres,513,2.66,Employee,Fun!23,Colleen,8/21/99,8,true,Torres,
jennifermills,514,16.29,Employee,Fun!23,Jennifer,3/28/37,4,false,Mills,
wendycampos,515,55.03,Employee,Fun!23,Wendy,11/8/40,8,true,Campos,
bobbybennett,516,44.7,Employee,Fun!23,Bobby,8/29/93,6,true,Bennett,
michaeladams,517,25.38,Employee,Fun!23,Michael,11/22/77,11,true,Adams,
jamieconner,518,23.15,Employee,Fun!23,Jamie,9/5/14,7,false,Conner,
christophersanford,519,40.77,Employee,Fun!23,Christopher,3/21/79,6,true,Sanford,
margaretsmith,520,34.36,Employee,Fun!23,Margaret,7/7/43,13,false,Smith,
michaelmorton,521,11.65,Employee,Fun!23,Michael,10/31/05,11,false,Morton,
noahhorne,522,0.23,Employee,Fun!23,Noah,1/21/80,11,true,Horne,
kimcontreras,523,28.6,Employee,Fun!23,Kim,10/12/70,8,true,Contreras,
tiffanydavis,524,16.13,Employee,Fun!23,Tiffany,10/1/99,14,false,Davis,
victoriamoses,525,8.97,Employee,Fun!23,Victoria,9/19/19,13,false,Moses,
robinwatson,526,14.77,Employee,Fun!23,Robin,6/5/67,8,true,Watson,
christophermelendez,527,36.7,Employee,Fun!23,Christopher,12/16/92,11,true,Melendez,
nancyrobles,528,25.07,Employee,Fun!23,Nancy,9/3/04,17,true,Robles,
kayleehale,529,20.77,Employee,Fun!23,Kaylee,9/27/36,6,true,Hale,
ryanbrown,530,34.15,Employee,Fun!23,Ryan,2/20/83,5,true,Brown,
gracekelley,531,24.62,Employee,Fun!23,Grace,6/24/42,8,true,Kelley,
alexandercarter,532,25.24,Employee,Fun!23,Alexander,3/30/73,7,true,Carter,
dennisreynolds,533,15.4,Employee,Fun!23,Dennis,8/13/25,11,true,Reynolds,
jennachase,534,52.61,Employee,Fun!23,Jenna,5/5/56,10,true,Chase,
michellepruitt,535,55.67,Employee,Fun!23,Michelle,5/18/03,2,false,Pruitt,
sherrivelasquez,536,3.36,Employee,Fun!23,Sherri,3/7/37,5,false,Velasquez,
darlenerussell,537,7.63,Employee,Fun!23,Darlene,10/20/75,4,false,Russell,
jessicaolsen,538,19.09,Employee,Fun!23,Jessica,10/25/28,6,false,Olsen,
lisarobinson,539,41.99,Employee,Fun!23,Lisa,9/8/43,11,true,Robinson,
michaelmartinez,540,21.89,Employee,Fun!23,Michael,10/15/17,10,true,Martinez,
richardedwards,541,10.37,Employee,Fun!23,Richard,9/25/39,9,false,Edwards,
amychase,542,76.53,Employee,Fun!23,Amy,5/25/42,9,true,Chase,
amandavang,543,15.36,Employee,Fun!23,Amanda,11/19/89,5,false,Vang,
angelawalker,544,7.63,Employee,Fun!23,Angela,2/13/34,5,true,Walker,
kyliesummers,545,26.99,Employee,Fun!23,Kylie,5/27/40,6,true,Summers,
brandyvalenzuela,546,47.01,Employee,Fun!23,Brandy,9/26/59,5,false,Valenzuela,
courtneytran,547,16.35,Employee,Fun!23,Courtney,6/25/39,6,true,Tran,
ryanbowman,548,2.8,Employee,Fun!23,Ryan,12/27/46,12,false,Bowman,
kathleenhines,549,2.13,Employee,Fun!23,Kathleen,12/16/00,11,false,Hines,
ryansullivan,550,4.75,Employee,Fun!23,Ryan,9/24/54,8,true,Sullivan,
kimberlyjohnson,551,46.55,Employee,Fun!23,Kimberly,5/26/34,6,false,Johnson,
kellyharris,552,42.55,Employee,Fun!23,Kelly,11/25/50,2,true,Harris,
williamevans,553,6.24,Employee,Fun!23,William,2/9/99,8,true,Evans,
dakotaharper,554,42.13,Employee,Fun!23,Dakota,12/18/55,3,false,Harper,
marthaperry,555,12.55,Employee,Fun!23,Martha,3/9/46,10,false,Perry,
brittanyweaver,556,26.12,Employee,Fun!23,Brittany,4/13/17,5,true,Weaver,
rodneyberg,557,6.67,Employee,Fun!23,Rodney,11/9/80,3,false,Berg,
heidipage,558,7.89,Employee,Fun!23,Heidi,6/1/02,10,true,Page,
bobbygonzales,559,49.47,Employee,Fun!23,Bobby,9/13/32,7,true,Gonzales,
jakemitchell,560,93.33,Employee,Fun!23,Jake,4/5/43,5,true,Mitchell,
geraldbeltran,561,35.72,Employee,Fun!23,Gerald,2/11/96,8,true,Beltran,
joelwelch,562,31.55,Employee,Fun!23,Joel,6/22/07,5,true,Welch,
dianamatthews,563,16.52,Employee,Fun!23,Diana,2/23/81,15,false,Matthews,
christopherjohnson,564,35.71,Employee,Fun!23,Christopher,1/24/78,12,true,Johnson,
rickygardner,565,53.95,Employee,Fun!23,Ricky,1/25/00,10,false,Gardner,
coreywilson,566,0.87,Employee,Fun!23,Corey,12/16/86,8,true,Wilson,
barbaralane,567,1.02,Employee,Fun!23,Barbara,8/9/78,6,false,Lane,
dylanlopez,568,21.22,Employee,Fun!23,Dylan,2/14/58,3,false,Lopez,
martinedwards,569,13.99,Employee,Fun!23,Martin,5/19/91,9,false,Edwards,
mistyjimenez,570,11.93,Employee,Fun!23,Misty,8/24/10,9,true,Jimenez,
chrisjones,571,58.0,Employee,Fun!23,Chris,11/20/98,7,true,Jones,
robertleblanc,572,45.32,Employee,Fun!23,Robert,5/20/25,7,true,Leblanc,
brandondillon,573,3.56,Employee,Fun!23,Brandon,8/4/25,2,true,Dillon,
chadclark,574,48.07,Employee,Fun!23,Chad,6/21/79,12,false,Clark,
daniellegardner,575,17.84,Employee,Fun!23,Danielle,1/18/49,10,false,Gardner,
bradleybell,576,38.63,Employee,Fun!23,Bradley,11/19/32,5,false,Bell,
christophercraig,577,39.71,Employee,Fun!23,Christopher,1/30/36,9,true,Craig,
jamiehernandez,578,20.65,Employee,Fun!23,Jamie,4/1/53,14,true,Hernandez,
davidcosta,579,0.19,Employee,Fun!23,David,11/20/07,10,true,Costa,
theresaclark,580,62.98,Employee,Fun!23,Theresa,4/27/30,9,false,Clark,
cassandracook,581,17.36,Employee,Fun!23,Cassandra,6/27/12,7,true,Cook,
danajones,582,19.5,Employee,Fun!23,Dana,7/26/88,7,false,Jones,
phillipbrown,583,46.36,Employee,Fun!23,Phillip,8/6/69,12,true,Brown,
andrewtorres,584,24.72,Employee,Fun!23,Andrew,9/17/85,6,true,Torres,
sheriadams,585,64.03,Employee,Fun!23,Sheri,8/20/00,5,false,Adams,
heatherlittle,586,19.6,Employee,Fun!23,Heather,7/29/85,6,true,Little,
jamesmorgan,587,56.54,Employee,Fun!23,James,12/12/96,8,false,Morgan,
cynthiapowell,588,43.13,Employee,Fun!23,Cynthia,12/30/43,10,false,Powell,
josephmacdonald,589,44.52,Employee,Fun!23,Joseph,3/11/03,7,false,Macdonald,
jeffray,590,10.09,Employee,Fun!23,Jeff,9/4/62,7,true,Ray,
michelleramirez,591,58.77,Employee,Fun!23,Michelle,4/16/61,5,true,Ramirez,
christinajones,592,29.24,Employee,Fun!23,Christina,9/14/49,6,false,Jones,
alyssasmith,593,51.04,Employee,Fun!23,Alyssa,3/1/67,4,false,Smith,
anthonybrooks,594,2.59,Employee,Fun!23,Anthony,7/26/15,5,false,Brooks,
anthonybarber,595,5.34,Employee,Fun!23,Anthony,9/8/91,6,true,Barber,
jamesbrennan,596,20.57,Employee,Fun!23,James,3/12/36,10,true,Brennan,
heatherrobbins,597,37.72,Employee,Fun!23,Heather,10/1/39,7,true,Robbins,
sarahanderson,598,46.3,Employee,Fun!23,Sarah,7/21/89,6,false,Anderson,
darinbaker,599,4.93,Employee,Fun!23,Darin,12/7/57,12,false,Baker,
jennifersmith,600,8.53,Employee,Fun!23,Jennifer,12/15/56,5,true,Smith,
davidharvey,601,56.16,Employee,Fun!23,David,6/15/43,6,false,Harvey,
shannonwhite,602,45.86,Employee,Fun!23,Shannon,6/28/81,4,true,White,
briangates,603,13.49,Employee,Fun!23,Brian,2/22/71,9,false,Gates,
victorross,604,42.35,Employee,Fun!23,Victor,8/11/00,4,true,Ross,
antonioedwards,605,6.29,Employee,Fun!23,Antonio,8/5/53,4,false,Edwards,
lawrenceprice,606,26.17,Employee,Fun!23,Lawrence,12/14/84,9,false,Price,
sarahcline,607,25.54,Employee,Fun!23,Sarah,8/21/74,14,true,Cline,
lindarobles,608,57.27,Employee,Fun!23,Linda,7/2/57,10,false,Robles,
ambernguyen,609,57.74,Employee,Fun!23,Amber,10/31/49,9,false,Nguyen,
rickparrish,610,6.69,Employee,Fun!23,Rick,8/4/32,7,true,Parrish,
edwardmolina,611,92.56,Employee,Fun!23,Edward,12/20/09,8,false,Molina,
darrengibbs,612,33.34,Employee,Fun!23,Darren,3/13/06,3,false,Gibbs,
andrewmcclure,613,62.73,Employee,Fun!23,Andrew,12/21/05,6,true,Mcclure,
michaelking,614,0.69,Employee,Fun!23,Michael,12/12/48,10,true,King,
vanessawatson,615,13.87,Employee,Fun!23,Vanessa,12/1/85,13,true,Watson,
jerrysmith,616,31.92,Employee,Fun!23,Jerry,6/21/07,7,true,Smith,
andrewmarshall,617,25.85,Employee,Fun!23,Andrew,10/16/42,11,true,Marshall,
janethughes,618,3.83,Employee,Fun!23,Janet,9/15/96,6,true,Hughes,
tylerbaxter,619,37.02,Employee,Fun!23,Tyler,1/26/76,6,false,Baxter,
amberlong,620,5.46,Employee,Fun!23,Amber,2/13/80,6,true,Long,
jaredperry,621,38.96,Employee,Fun!23,Jared,6/21/89,8,false,Perry,
natalierichardson,622,5.47,Employee,Fun!23,Natalie,12/27/26,7,true,Richardson,
erikalopez,623,11.32,Employee,Fun!23,Erika,10/30/00,13,true,Lopez,
michellewalsh,624,6.48,Employee,Fun!23,Michelle,3/30/47,6,true,Walsh,
anthonycarson,625,1.0,Employee,Fun!23,Anthony,3/28/56,9,true,Carson,
heathercunningham,626,2.43,Employee,Fun!23,Heather,6/13/82,11,true,Cunningham,
ronaldbond,627,55.74,Employee,Fun!23,Ronald,2/2/86,12,true,Bond,
sherriarmstrong,628,33.97,Employee,Fun!23,Sherri,12/6/21,12,true,Armstrong,
jacobcontreras,629,2.7,Employee,Fun!23,Jacob,9/30/01,15,true,Contreras,
colleensanchez,630,6.76,Employee,Fun!23,Colleen,7/30/35,6,false,Sanchez,
dereklopez,631,25.81,Employee,Fun!23,Derek,3/21/10,13,true,Lopez,
kaylasmith,632,24.29,Employee,Fun!23,Kayla,5/28/51,11,true,Smith,
christopherosborne,633,2.35,Employee,Fun!23,Christopher,5/23/00,6,false,Osborne,
mercedesnichols,634,0.29,Employee,Fun!23,Mercedes,11/17/61,9,true,Nichols,
bethsharp,635,26.38,Employee,Fun!23,Beth,9/3/57,14,false,Sharp,
scottbailey,636,0.65,Employee,Fun!23,Scott,7/2/75,11,false,Bailey,
crystalyoung,637,2.62,Employee,Fun!23,Crystal,9/17/39,11,false,Young,
allenarnold,638,25.02,Employee,Fun!23,Allen,2/8/71,10,false,Arnold,
donaldtran,639,46.2,Employee,Fun!23,Donald,9/21/41,9,false,Tran,
christopherfields,640,6.4,Employee,Fun!23,Christopher,12/2/56,11,true,Fields,
luisjohnson,641,15.76,Employee,Fun!23,Luis,9/19/78,16,true,Johnson,
kristalambert,642,5.0,Employee,Fun!23,Krista,6/7/67,8,true,Lambert,
nicholascopeland,643,35.37,Employee,Fun!23,Nicholas,7/1/59,5,true,Copeland,
markrogers,644,16.98,Employee,Fun!23,Mark,10/26/71,6,true,Rogers,
jessicaramirez,645,8.91,Employee,Fun!23,Jessica,1/3/34,11,false,Ramirez,
matthewgonzalez,646,20.13,Employee,Fun!23,Matthew,6/30/56,7,true,Gonzalez,
roseburgess,647,22.31,Employee,Fun!23,Rose,11/9/42,9,true,Burgess,
hollyschneider,648,49.58,Employee,Fun!23,Holly,8/23/49,11,true,Schneider,
joannaknight,649,34.2,Employee,Fun!23,Joanna,2/11/27,13,false,Knight,
davidcox,650,27.5,Employee,Fun!23,David,6/2/68,6,false,Cox,
elizabethreyes,651,30.72,Employee,Fun!23,Elizabeth,11/4/37,9,true,Reyes,
melissamcdonald,652,2.68,Employee,Fun!23,Melissa,3/8/16,6,false,Mcdonald,
jamesanderson,653,20.62,Employee,Fun!23,James,11/20/98,8,true,Anderson,
lorettaphillips,654,58.45,Employee,Fun!23,Loretta,6/21/14,3,false,Phillips,
ginaswanson,655,22.07,Employee,Fun!23,Gina,7/6/69,6,false,Swanson,
kimberlymartinez,656,32.6,Employee,Fun!23,Kimberly,6/16/83,6,false,Martinez,
stephaniekirby,657,63.12,Employee,Fun!23,Stephanie,9/4/90,15,true,Kirby,
teresagardner,658,18.07,Employee,Fun!23,Teresa,6/19/46,8,true,Gardner,
brandonflores,659,7.49,Employee,Fun!23,Brandon,4/3/73,3,true,Flores,
anthonymoore,660,14.64,Employee,Fun!23,Anthony,10/16/17,8,false,Moore,
stevenhartman,661,19.51,Employee,Fun!23,Steven,6/19/11,5,true,Hartman,
derekmacias,662,40.92,Employee,Fun!23,Derek,7/11/26,7,true,Macias,
christopherrobinson,663,3.69,Employee,Fun!23,Christopher,2/3/44,12,false,Robinson,
scottdunn,664,2.21,Employee,Fun!23,Scott,9/18/76,12,false,Dunn,
lawrencehenry,665,13.29,Employee,Fun!23,Lawrence,9/13/84,10,false,Henry,
gabrielsanders,666,21.73,Employee,Fun!23,Gabriel,6/11/76,12,true,Sanders,
lorihall,667,23.7,Employee,Fun!23,Lori,3/18/80,12,true,Hall,
brittanyrichard,668,3.31,Employee,Fun!23,Brittany,1/15/66,8,false,Richard,
sarahjones,669,6.54,Employee,Fun!23,Sarah,3/4/69,13,false,Jones,
nicholasjackson,670,11.83,Employee,Fun!23,Nicholas,3/3/16,15,true,Jackson,
juliajones,671,10.79,Employee,Fun!23,Julia,8/4/66,6,true,Jones,
jenniferschultz,672,37.66,Employee,Fun!23,Jennifer,7/10/55,10,false,Schultz,
ashleywalker,673,18.08,Employee,Fun!23,Ashley,7/10/79,10,false,Walker,
michaelparrish,674,21.83,Employee,Fun!23,Michael,11/15/76,7,true,Parrish,
alyssapoole,675,61.95,Employee,Fun!23,Alyssa,4/19/08,4,false,Poole,
williamortiz,676,31.0,Employee,Fun!23,William,10/18/15,9,true,Ortiz,
jasonclark,677,13.54,Employee,Fun!23,Jason,2/11/10,5,true,Clark,
jasonlee,678,4.28,Employee,Fun!23,Jason,12/13/79,5,true,Lee,
lisamiller,679,54.42,Employee,Fun!23,Lisa,11/29/73,9,true,Miller,
tyronejohnston,680,8.43,Employee,Fun!23,Tyrone,7/11/06,9,true,Johnston,
lindarodriguez,681,37.91,Employee,Fun!23,Linda,6/7/94,12,false,Rodriguez,
kennethdavis,682,3.79,Employee,Fun!23,Kenneth,7/26/93,9,false,Davis,
sarahgriffin,683,30.7,Employee,Fun!23,Sarah,8/11/68,9,true,Griffin,
rebeccanguyen,684,54.93,Employee,Fun!23,Rebecca,8/11/49,6,false,Nguyen,
annadavis,685,0.28,Employee,Fun!23,Anna,10/19/40,8,false,Davis,
cynthiagiles,686,14.34,Employee,Fun!23,Cynthia,9/9/23,4,false,Giles,
marygonzalez,687,51.04,Employee,Fun!23,Mary,11/2/83,8,false,Gonzalez,
annmiller,688,7.98,Employee,Fun!23,Ann,12/30/07,10,true,Miller,
josefarley,689,2.07,Employee,Fun!23,Jose,7/25/41,9,true,Farley,
carlfoley,690,17.18,Employee,Fun!23,Carl,5/6/84,15,true,Foley,
christineellis,691,13.88,Employee,Fun!23,Christine,2/8/64,11,false,Ellis,
johnblevins,692,28.72,Employee,Fun!23,John,10/25/13,4,true,Blevins,
travisburton,693,86.17,Employee,Fun!23,Travis,10/19/68,7,false,Burton,
timothybernard,694,51.61,Employee,Fun!23,Timothy,3/10/49,8,true,Bernard,
christinadodson,695,48.44,Employee,Fun!23,Christina,10/25/43,10,true,Dodson,
andrewatkins,696,56.54,Employee,Fun!23,Andrew,9/30/76,5,false,Atkins,
jeffreybest,697,75.3,Employee,Fun!23,Jeffrey,3/8/15,4,true,Best,
perryhill,698,48.97,Employee,Fun!23,Perry,11/22/84,6,false,Hill,
marylee,699,15.49,Employee,Fun!23,Mary,1/30/87,4,true,Lee,
juliayoung,700,48.16,Employee,Fun!23,Julia,6/28/28,8,false,Young,
johnblair,701,4.24,Employee,Fun!23,John,3/1/85,8,true,Blair,
johnhill,702,62.02,Employee,Fun!23,John,5/22/82,7,false,Hill,
wesleywilliamson,703,49.41,Employee,Fun!23,Wesley,5/17/91,3,false,Williamson,
christopherdavis,704,6.05,Employee,Fun!23,Christopher,3/21/96,8,false,Davis,
leonardking,705,4.7,Employee,Fun!23,Leonard,9/16/19,6,true,King,
garysmith,706,16.46,Employee,Fun!23,Gary,2/23/63,9,false,Smith,
thomassanders,707,10.43,Employee,Fun!23,Thomas,4/21/46,6,false,Sanders,
johndavis,708,62.02,Employee,Fun!23,John,5/3/61,3,false,Davis,
thomashall,709,21.7,Employee,Fun!23,Thomas,5/11/25,4,false,Hall,
douglashernandez,710,8.54,Employee,Fun!23,Douglas,10/27/23,4,false,Hernandez,
mirandamason,711,34.47,Employee,Fun!23,Miranda,6/25/51,9,false,Mason,
teresastewart,712,18.34,Employee,Fun!23,Teresa,12/12/17,6,true,Stewart,
anthonyadams,713,30.61,Employee,Fun!23,Anthony,10/25/73,3,false,Adams,
timothyjones,714,46.42,Employee,Fun!23,Timothy,4/21/57,8,true,Jones,
jermainedean,715,24.05,Employee,Fun!23,Jermaine,6/17/93,13,false,Dean,
joshuabanks,716,20.61,Employee,Fun!23,Joshua,1/3/04,6,false,Banks,
danielsmith,717,45.02,Employee,Fun!23,Daniel,7/31/31,7,false,Smith,
victorharris,718,12.01,Employee,Fun!23,Victor,5/20/26,6,true,Harris,
phillipmeyer,719,25.77,Employee,Fun!23,Phillip,12/31/34,6,true,Meyer,
codyrobles,720,27.37,Employee,Fun!23,Cody,12/1/02,8,false,Robles,
carmenhays,721,63.39,Employee,Fun!23,Carmen,1/23/85,12,false,Hays,
jorgehaley,722,50.35,Employee,Fun!23,Jorge,2/1/30,5,false,Haley,
seanhernandez,723,45.13,Employee,Fun!23,Sean,8/18/83,13,true,Hernandez,
kellyjordan,724,38.06,Employee,Fun!23,Kelly,1/4/24,10,true,Jordan,
joshuahickman,725,7.75,Employee,Fun!23,Joshua,1/5/24,9,false,Hickman,
jenniferguzman,726,42.65,Employee,Fun!23,Jennifer,6/13/02,3,true,Guzman,
nathanthompson,727,2.36,Employee,Fun!23,Nathan,7/17/47,8,true,Thompson,
williamadkins,728,53.04,Employee,Fun!23,William,12/24/00,5,false,Adkins,
williehobbs,729,32.24,Employee,Fun!23,Willie,3/7/08,10,true,Hobbs,
hollycruz,730,5.41,Employee,Fun!23,Holly,7/4/15,10,false,Cruz,
johnjones,731,5.77,Employee,Fun!23,John,3/17/31,5,true,Jones,
allisonweaver,732,0.51,Employee,Fun!23,Allison,10/26/90,10,true,Weaver,
michaelnunez,733,27.12,Employee,Fun!23,Michael,2/11/99,5,false,Nunez,
douglasbryant,734,14.17,Employee,Fun!23,Douglas,9/30/55,9,false,Bryant,
christopherunderwood,735,5.82,Employee,Fun!23,Christopher,9/18/08,11,false,Underwood,
kimberlyroberts,736,26.5,Employee,Fun!23,Kimberly,10/11/01,11,true,Roberts,
michaelcowan,737,1.52,Employee,Fun!23,Michael,6/28/98,9,true,Cowan,
michaelmccormick,738,34.46,Employee,Fun!23,Michael,12/25/25,5,true,Mccormick,
jenniferbailey,739,4.73,Employee,Fun!23,Jennifer,11/5/77,12,true,Bailey,
jerrygamble,740,0.21,Employee,Fun!23,Jerry,7/22/41,13,false,Gamble,
henrysalazar,741,33.13,Employee,Fun!23,Henry,9/12/53,11,false,Salazar,
kevinboone,742,63.22,Employee,Fun!23,Kevin,4/27/53,8,false,Boone,
rodneymcneil,743,55.21,Employee,Fun!23,Rodney,2/11/03,10,false,Mcneil,
angelacarney,744,38.17,Employee,Fun!23,Angela,1/26/29,4,false,Carney,
dennissmith,745,15.67,Employee,Fun!23,Dennis,3/28/04,8,true,Smith,
jaredscott,746,8.55,Employee,Fun!23,Jared,12/2/92,11,true,Scott,
monicacraig,747,36.15,Employee,Fun!23,Monica,8/31/16,11,false,Craig,
sandyblackwell,748,76.52,Employee,Fun!23,Sandy,6/28/41,9,false,Blackwell,
brittneydaniel,749,39.37,Employee,Fun!23,Brittney,9/9/65,7,true,Daniel,
rebeccafisher,750,15.68,Employee,Fun!23,Rebecca,10/5/54,10,false,Fisher,
nicolehart,751,1.9,Employee,Fun!23,Nicole,1/4/53,15,true,Hart,
howarddavenport,752,49.14,Employee,Fun!23,Howard,1/5/13,7,true,Davenport,
anitafletcher,753,49.28,Employee,Fun!23,Anita,2/25/26,5,false,Fletcher,
elizabethtorres,754,29.52,Employee,Fun!23,Elizabeth,6/29/22,11,true,Torres,
jeffreyrodriguez,755,40.4,Employee,Fun!23,Jeffrey,11/30/56,5,true,Rodriguez,
megansmith,756,29.71,Employee,Fun!23,Megan,11/28/32,11,false,Smith,
davidsummers,757,57.32,Employee,Fun!23,David,12/4/66,6,true,Summers,
brianrojas,758,35.5,Employee,Fun!23,Brian,5/26/38,2,false,Rojas,
jennifercarr,759,33.78,Employee,Fun!23,Jennifer,7/1/50,5,false,Carr,
tiffanyjones,760,2.14,Employee,Fun!23,Tiffany,11/28/87,13,true,Jones,
catherinemann,761,4.79,Employee,Fun!23,Catherine,3/12/37,7,true,Mann,
sarafox,762,9.92,Employee,Fun!23,Sara,5/27/66,10,true,Fox,
jeremyfoster,763,33.21,Employee,Fun!23,Jeremy,5/15/69,4,true,Foster,
michaelflores,764,8.05,Employee,Fun!23,Michael,3/23/99,5,true,Flores,
williamrice,765,10.04,Employee,Fun!23,William,1/20/53,9,false,Rice,
rachelhart,766,25.29,Employee,Fun!23,Rachel,1/6/34,7,false,Hart,
richardsullivan,767,5.31,Employee,Fun!23,Richard,5/21/16,13,false,Sullivan,
jenniferevans,768,59.83,Employee,Fun!23,Jennifer,2/25/34,7,true,Evans,
brandywilkerson,769,2.43,Employee,Fun!23,Brandy,4/24/56,7,true,Wilkerson,
lauriemendoza,770,36.38,Employee,Fun!23,Laurie,1/20/83,8,true,Mendoza,
michelleray,771,0.33,Employee,Fun!23,Michelle,1/2/19,4,true,Ray,
alexisblack,772,63.59,Employee,Fun!23,Alexis,7/27/56,7,true,Black,
seansmith,773,59.0,Employee,Fun!23,Sean,12/3/98,5,true,Smith,
elizabethdominguez,774,28.21,Employee,Fun!23,Elizabeth,11/11/88,14,true,Dominguez,
lorijohnson,775,26.82,Employee,Fun!23,Lori,10/21/61,12,false,Johnson,
bryanfields,776,25.19,Employee,Fun!23,Bryan,1/23/72,12,false,Fields,
michaelthomas,777,46.11,Employee,Fun!23,Michael,9/8/16,8,true,Thomas,
craigbrown,778,12.39,Employee,Fun!23,Craig,2/25/83,9,false,Brown,
sabrinanguyen,779,16.63,Employee,Fun!23,Sabrina,5/24/37,11,true,Nguyen,
haydenmcdaniel,780,29.5,Employee,Fun!23,Hayden,10/9/02,3,true,Mcdaniel,
michellerivera,781,25.96,Employee,Fun!23,Michelle,11/20/34,8,true,Rivera,
alexandrasimpson,782,12.98,Employee,Fun!23,Alexandra,5/3/97,7,false,Simpson,
richardpaul,783,2.18,Employee,Fun!23,Richard,11/22/40,7,false,Paul,
keithchristensen,784,6.25,Employee,Fun!23,Keith,8/20/96,12,false,Christensen,
patrickbennett,785,23.26,Employee,Fun!23,Patrick,5/4/69,7,false,Bennett,
patriciamcdonald,786,29.91,Employee,Fun!23,Patricia,11/9/62,19,false,Mcdonald,
tracyfitzgerald,787,14.51,Employee,Fun!23,Tracy,12/2/43,4,true,Fitzgerald,
kathysmith,788,28.51,Employee,Fun!23,Kathy,1/9/66,5,false,Smith,
teresataylor,789,30.86,Employee,Fun!23,Teresa,10/7/57,10,false,Taylor,
hectorwhitney,790,16.53,Employee,Fun!23,Hector,8/28/27,7,true,Whitney,
timothyjohnson,791,0.8,Employee,Fun!23,Timothy,2/28/64,7,false,Johnson,
alyssakelly,792,20.94,Employee,Fun!23,Alyssa,3/13/48,7,false,Kelly,
colleenhall,793,24.93,Employee,Fun!23,Colleen,8/3/25,16,true,Hall,
erinjones,794,29.28,Employee,Fun!23,Erin,6/15/42,7,false,Jones,
markstewart,795,60.16,Employee,Fun!23,Mark,12/8/58,6,true,Stewart,
debraraymond,796,34.41,Employee,Fun!23,Debra,6/22/71,5,false,Raymond,
erinmejia,797,22.59,Employee,Fun!23,Erin,5/1/04,11,false,Mejia,
michealsanders,798,11.06,Employee,Fun!23,Micheal,7/11/61,6,false,Sanders,
stephanieobrien,799,16.56,Employee,Fun!23,Stephanie,4/6/22,11,true,Obrien,
hollydavidson,800,71.43,Employee,Fun!23,Holly,5/16/61,7,false,Davidson,
georgeayala,801,1.93,Employee,Fun!23,George,12/28/95,7,false,Ayala,
michelleoliver,802,40.47,Employee,Fun!23,Michelle,11/12/85,9,true,Oliver,
georgeproctor,803,73.34,Employee,Fun!23,George,3/25/49,4,false,Proctor,
michellegriffin,804,3.83,Employee,Fun!23,Michelle,1/13/00,11,true,Griffin,
michellemaynard,805,6.48,Employee,Fun!23,Michelle,8/29/33,4,false,Maynard,
elizabethcastillo,806,60.09,Employee,Fun!23,Elizabeth,7/15/13,7,false,Castillo,
jonathanmartinez,807,75.29,Employee,Fun!23,Jonathan,11/7/60,10,true,Martinez,
tanyajohnson,808,18.45,Employee,Fun!23,Tanya,2/7/49,6,true,Johnson,
meganthompson,809,13.55,Employee,Fun!23,Megan,6/15/45,6,false,Thompson,
emilyestes,810,7.72,Employee,Fun!23,Emily,2/14/20,4,false,Estes,
melissajohnson,811,35.82,Employee,Fun!23,Melissa,1/25/73,4,false,Johnson,
caseynavarro,812,7.39,Employee,Fun!23,Casey,9/26/27,6,false,Navarro,
shawnlee,813,4.11,Employee,Fun!23,Shawn,12/28/19,11,true,Lee,
brandidaniel,814,7.74,Employee,Fun!23,Brandi,11/21/27,5,false,Daniel,
josesmith,815,30.21,Employee,Fun!23,Jose,10/2/34,9,false,Smith,
aliciamoran,816,34.02,Employee,Fun!23,Alicia,6/5/21,12,true,Moran,
jenniferjones,817,13.92,Employee,Fun!23,Jennifer,3/20/53,2,false,Jones,
andrewnorris,818,47.64,Employee,Fun!23,Andrew,1/29/90,7,false,Norris,
mariayoung,819,42.97,Employee,Fun!23,Maria,12/24/45,9,true,Young,
annrogers,820,19.18,Employee,Fun!23,Ann,2/11/29,14,false,Rogers,
feliciacarlson,821,5.55,Employee,Fun!23,Felicia,10/3/48,14,true,Carlson,
chadgreen,822,61.61,Employee,Fun!23,Chad,12/28/26,9,false,Green,
tanyaturner,823,45.75,Employee,Fun!23,Tanya,12/23/06,3,true,Turner,
josephfritz,824,41.32,Employee,Fun!23,Joseph,7/26/65,12,false,Fritz,
jamessimpson,825,16.05,Employee,Fun!23,James,5/17/51,6,false,Simpson,
ernestbentley,826,45.69,Employee,Fun!23,Ernest,3/24/77,6,true,Bentley,
crystalhayes,827,16.55,Employee,Fun!23,Crystal,8/1/01,10,false,Hayes,
jessicalloyd,828,10.27,Employee,Fun!23,Jessica,4/25/31,7,true,Lloyd,
julieshaw,829,17.23,Employee,Fun!23,Julie,5/23/45,8,true,Shaw,
markthompson,830,61.89,Employee,Fun!23,Mark,4/2/82,7,false,Thompson,
michaelprince,831,37.28,Employee,Fun!23,Michael,4/3/81,15,true,Prince,
craigfleming,832,14.21,Employee,Fun!23,Craig,3/3/09,13,true,Fleming,
michaelwilliamson,833,9.4,Employee,Fun!23,Michael,5/3/15,6,false,Williamson,
sarahstanton,834,77.91,Employee,Fun!23,Sarah,1/6/26,10,true,Stanton,
marciasnyder,835,60.99,Employee,Fun!23,Marcia,4/29/93,9,false,Snyder,
garypark,836,38.49,Employee,Fun!23,Gary,3/3/68,13,true,Park,
cynthiaellis,837,17.07,Employee,Fun!23,Cynthia,6/22/31,5,false,Ellis,
victoriawhite,838,31.81,Employee,Fun!23,Victoria,8/24/55,6,true,White,
juanbrock,839,26.06,Employee,Fun!23,Juan,5/4/08,9,false,Brock,
sandranewton,840,63.7,Employee,Fun!23,Sandra,1/19/84,12,false,Newton,
victoranderson,841,8.73,Employee,Fun!23,Victor,9/29/82,9,false,Anderson,
danamiller,842,5.33,Employee,Fun!23,Dana,2/27/13,6,true,Miller,
kevintran,843,16.26,Employee,Fun!23,Kevin,5/13/60,12,false,Tran,
lindamiller,844,2.99,Employee,Fun!23,Linda,11/29/61,4,false,Miller,
jacobnorton,845,40.17,Employee,Fun!23,Jacob,5/1/63,9,true,Norton,
joshuagomez,846,14.06,Employee,Fun!23,Joshua,7/14/74,13,true,Gomez,
robinwilson,847,56.15,Employee,Fun!23,Robin,7/7/56,5,true,Wilson,
amyparsons,848,81.46,Employee,Fun!23,Amy,1/23/87,8,false,Parsons,
philipholt,849,64.87,Employee,Fun!23,Philip,1/10/64,8,false,Holt,
alisonhicks,850,23.97,Employee,Fun!23,Alison,9/2/40,8,true,Hicks,
alexanderwilson,851,9.4,Employee,Fun!23,Alexander,11/16/52,10,true,Wilson,
nicolelloyd,852,5.24,Employee,Fun!23,Nicole,12/2/12,12,false,Lloyd,
michaelclarke,853,48.04,Employee,Fun!23,Michael,5/14/42,7,true,Clarke,
nicholassmith,854,5.79,Employee,Fun!23,Nicholas,2/20/65,7,false,Smith,
lauriejohnson,855,12.18,Employee,Fun!23,Laurie,10/18/28,11,true,Johnson,
georgegilbert,856,27.28,Employee,Fun!23,George,12/21/76,9,true,Gilbert,
kristinesmith,857,51.95,Employee,Fun!23,Kristine,3/12/58,7,false,Smith,
kevinharrison,858,2.5,Employee,Fun!23,Kevin,2/6/16,12,true,Harrison,
karldavis,859,20.09,Employee,Fun!23,Karl,1/9/69,10,true,Davis,
lisapeters,860,8.43,Employee,Fun!23,Lisa,3/25/06,4,false,Peters,
paulharmon,861,8.6,Employee,Fun!23,Paul,1/4/34,7,true,Harmon,
brandonmiller,862,52.91,Employee,Fun!23,Brandon,9/16/45,3,false,Miller,
markgonzalez,863,2.0,Employee,Fun!23,Mark,2/11/56,9,true,Gonzalez,
christopherlucero,864,0.66,Employee,Fun!23,Christopher,7/3/12,6,true,Lucero,
sherrymora,865,4.1,Employee,Fun!23,Sherry,4/18/41,10,false,Mora,
jodysanchez,866,4.94,Employee,Fun!23,Jody,8/11/57,8,true,Sanchez,
christianellis,867,40.42,Employee,Fun!23,Christian,12/1/27,12,true,Ellis,
sandrasutton,868,28.86,Employee,Fun!23,Sandra,5/25/21,12,true,Sutton,
kennethhouse,869,44.3,Employee,Fun!23,Kenneth,2/28/65,9,false,House,
wendymontoya,870,18.77,Employee,Fun!23,Wendy,8/1/40,9,true,Montoya,
bryanwise,871,14.54,Employee,Fun!23,Bryan,3/24/77,8,true,Wise,
josephrobinson,872,39.93,Employee,Fun!23,Joseph,1/31/83,5,false,Robinson,
mindyross,873,0.39,Employee,Fun!23,Mindy,12/6/59,9,true,Ross,
soniadurham,874,1.71,Employee,Fun!23,Sonia,9/12/79,3,true,Durham,
johnhouse,875,60.43,Employee,Fun!23,John,4/29/18,3,false,House,
carolyndunn,876,24.92,Employee,Fun!23,Carolyn,12/24/84,7,true,Dunn,
curtisphillips,877,29.73,Employee,Fun!23,Curtis,10/9/80,7,true,Phillips,
kennethboyd,878,49.52,Employee,Fun!23,Kenneth,9/16/12,7,true,Boyd,
jenniferdavidson,879,30.01,Employee,Fun!23,Jennifer,2/19/01,7,true,Davidson,
bretthiggins,880,11.97,Employee,Fun!23,Brett,5/22/04,7,true,Higgins,
brettwallace,881,14.18,Employee,Fun!23,Brett,1/16/18,6,false,Wallace,
tyronealvarado,882,18.54,Employee,Fun!23,Tyrone,3/25/25,6,false,Alvarado,
christinavillanueva,883,38.6,Employee,Fun!23,Christina,6/16/02,9,true,Villanueva,
markwashington,884,18.14,Employee,Fun!23,Mark,1/16/40,6,true,Washington,
emilycole,885,9.38,Employee,Fun!23,Emily,3/31/92,8,false,Cole,
kellyherring,886,46.93,Employee,Fun!23,Kelly,1/12/81,6,false,Herring,
josephdavis,887,4.56,Employee,Fun!23,Joseph,12/28/13,10,false,Davis,
stephaniewilliams,888,40.57,Employee,Fun!23,Stephanie,1/2/70,6,false,Williams,
jorgehuerta,889,0.98,Employee,Fun!23,Jorge,2/13/46,6,true,Huerta,
jessedunn,890,21.23,Employee,Fun!23,Jesse,6/21/96,11,true,Dunn,
laurencoleman,891,5.63,Employee,Fun!23,Lauren,1/25/95,11,true,Coleman,
jackmorgan,892,3.38,Employee,Fun!23,Jack,5/9/84,7,true,Morgan,
matthewmason,893,32.12,Employee,Fun!23,Matthew,11/12/35,6,true,Mason,
oliviarichardson,894,29.59,Employee,Fun!23,Olivia,9/24/47,9,false,Richardson,
justinhawkins,895,4.4,Employee,Fun!23,Justin,3/21/24,12,true,Hawkins,
amymorse,896,44.59,Employee,Fun!23,Amy,7/6/49,13,true,Morse,
barbaralove,897,41.05,Employee,Fun!23,Barbara,4/9/02,3,false,Love,
davidclark,898,46.95,Employee,Fun!23,David,9/9/48,4,true,Clark,
daniellechavez,899,25.58,Employee,Fun!23,Danielle,10/18/98,11,false,Chavez,
andreramos,900,11.84,Employee,Fun!23,Andre,5/29/25,10,false,Ramos,
emilychang,901,6.88,Employee,Fun!23,Emily,12/10/64,5,true,Chang,
pennymcdaniel,902,8.37,Employee,Fun!23,Penny,8/17/71,10,false,Mcdaniel,
christinacarter,903,0.31,Employee,Fun!23,Christina,7/31/48,9,false,Carter,
jenniferhuang,904,3.93,Employee,Fun!23,Jennifer,9/16/28,11,true,Huang,
melissaevans,905,30.39,Employee,Fun!23,Melissa,7/4/41,7,true,Evans,
rodneymoss,906,15.34,Employee,Fun!23,Rodney,6/9/80,11,true,Moss,
anthonykramer,907,1.86,Employee,Fun!23,Anthony,6/28/34,13,true,Kramer,
carlosirwin,908,20.78,Employee,Fun!23,Carlos,7/3/40,4,true,Irwin,
victoriaellis,909,6.12,Employee,Fun!23,Victoria,10/21/11,5,false,Ellis,
kellywilson,910,23.99,Employee,Fun!23,Kelly,5/20/67,10,true,Wilson,
brendanphillips,911,45.54,Employee,Fun!23,Brendan,8/31/29,4,false,Phillips,
deannacummings,912,48.42,Employee,Fun!23,Deanna,6/5/93,10,false,Cummings,
christopherortega,913,28.81,Employee,Fun!23,Christopher,3/20/97,9,true,Ortega,
amandajohnson,914,12.27,Employee,Fun!23,Amanda,5/5/83,4,false,Johnson,
aprillopez,915,23.02,Employee,Fun!23,April,9/22/13,14,true,Lopez,
jameswatson,916,6.3,Employee,Fun!23,James,1/27/65,5,true,Watson,
karasummers,917,41.48,Employee,Fun!23,Kara,4/24/81,8,true,Summers,
lisajackson,918,0.55,Employee,Fun!23,Lisa,10/16/91,11,true,Jackson,
stevenmiller,919,22.03,Employee,Fun!23,Steven,3/10/01,4,false,Miller,
donaldvillanueva,920,43.49,Employee,Fun!23,Donald,9/1/52,7,false,Villanueva,
garymckenzie,921,3.96,Employee,Fun!23,Gary,9/3/16,10,false,Mckenzie,
gregoryshort,922,8.97,Employee,Fun!23,Gregory,9/4/32,10,true,Short,
danapark,923,20.04,Employee,Fun!23,Dana,9/8/77,4,false,Park,
matthewkhan,924,16.22,Employee,Fun!23,Matthew,11/3/59,7,false,Khan,
ericaburch,925,36.26,Employee,Fun!23,Erica,3/6/77,8,true,Burch,
daltonbryant,926,14.77,Employee,Fun!23,Dalton,2/2/00,7,true,Bryant,
ruthponce,927,30.66,Employee,Fun!23,Ruth,2/19/69,3,true,Ponce,
marygrant,928,39.39,Employee,Fun!23,Mary,2/1/39,6,true,Grant,
sarahtaylor,929,42.05,Employee,Fun!23,Sarah,2/2/54,10,false,Taylor,
jenniferschneider,930,41.91,Employee,Fun!23,Jennifer,4/6/91,11,true,Schneider,
tylerevans,931,3.42,Employee,Fun!23,Tyler,9/12/01,4,true,Evans,
davidhayes,932,51.52,Employee,Fun!23,David,5/26/90,12,false,Hayes,
kimberlymiller,933,23.74,Employee,Fun!23,Kimberly,11/24/30,12,false,Miller,
denniscooper,934,21.46,Employee,Fun!23,Dennis,9/26/93,7,false,Cooper,
philliprichardson,935,18.55,Employee,Fun!23,Phillip,3/12/36,4,true,Richardson,
sharongillespie,936,19.32,Employee,Fun!23,Sharon,4/10/69,9,false,Gillespie,
denisejohnson,937,38.74,Employee,Fun!23,Denise,12/11/40,10,false,Johnson,
kylieking,938,3.83,Employee,Fun!23,Kylie,9/10/46,7,false,King,
carolelliott,939,1.71,Employee,Fun!23,Carol,3/8/44,7,false,Elliott,
elizabethrodriguez,940,26.97,Employee,Fun!23,Elizabeth,9/20/88,8,false,Rodriguez,
anaandrade,941,14.81,Employee,Fun!23,Ana,11/28/61,7,false,Andrade,
sharoncastillo,942,35.9,Employee,Fun!23,Sharon,5/14/91,4,false,Castillo,
paulherman,943,54.66,Employee,Fun!23,Paul,10/27/03,10,false,Herman,
amberconley,944,20.75,Employee,Fun!23,Amber,12/7/05,11,false,Conley,
suzannekennedy,945,24.13,Employee,Fun!23,Suzanne,7/4/58,8,false,Kennedy,
brettmathis,946,0.04,Employee,Fun!23,Brett,5/7/41,7,true,Mathis,
ashleyfrye,947,3.12,Employee,Fun!23,Ashley,2/21/37,2,false,Frye,
ronaldmartinez,948,33.25,Employee,Fun!23,Ronald,1/12/99,12,false,Martinez,
danielsummers,949,6.35,Employee,Fun!23,Daniel,3/8/29,11,true,Summers,
robertwang,950,0.07,Employee,Fun!23,Robert,4/20/48,13,true,Wang,
katherinemcdonald,951,64.95,Employee,Fun!23,Katherine,6/22/03,10,true,Mcdonald,
mitchellgross,952,40.38,Employee,Fun!23,Mitchell,12/26/41,6,true,Gross,
darrelljones,953,30.13,Employee,Fun!23,Darrell,9/4/65,6,false,Jones,
jenniferhernandez,954,4.93,Employee,Fun!23,Jennifer,12/24/88,3,true,Hernandez,
amyhall,955,9.93,Employee,Fun!23,Amy,7/21/65,12,false,Hall,
ryanwashington,956,61.59,Employee,Fun!23,Ryan,11/29/60,5,true,Washington,
robertflores,957,23.45,Employee,Fun!23,Robert,7/29/88,6,false,Flores,
beckysimpson,958,43.87,Employee,Fun!23,Becky,2/24/94,10,false,Simpson,
alexandracook,959,53.45,Employee,Fun!23,Alexandra,9/19/55,9,false,Cook,
mirandawalker,960,12.25,Employee,Fun!23,Miranda,12/26/96,6,false,Walker,
ashleymorales,961,19.19,Employee,Fun!23,Ashley,7/29/53,10,true,Morales,
vincentharrison,962,23.44,Employee,Fun!23,Vincent,7/14/33,5,false,Harrison,
christopherberry,963,56.95,Employee,Fun!23,Christopher,6/29/13,14,false,Berry,
rogercasey,964,18.49,Employee,Fun!23,Roger,5/1/90,15,false,Casey,
jamessimmons,965,63.58,Employee,Fun!23,James,7/1/55,6,true,Simmons,
maryanderson,966,5.44,Employee,Fun!23,Mary,10/17/60,7,false,Anderson,
andreariley,967,34.28,Employee,Fun!23,Andrea,1/4/42,14,true,Riley,
kristabeck,968,1.31,Employee,Fun!23,Krista,6/29/55,5,false,Beck,
amyfuller,969,38.86,Employee,Fun!23,Amy,3/16/41,8,true,Fuller,
jeremyrocha,970,7.02,Employee,Fun!23,Jeremy,10/12/78,7,false,Rocha,
tammywaters,971,52.92,Employee,Fun!23,Tammy,3/23/13,10,false,Waters,
douglasmckay,972,12.67,Employee,Fun!23,Douglas,11/6/11,5,true,Mckay,
terrencedixon,973,56.96,Employee,Fun!23,Terrence,9/9/01,8,false,Dixon,
johnhansen,974,2.55,Employee,Fun!23,John,10/25/45,1,false,Hansen,
jerryrodriguez,975,53.3,Employee,Fun!23,Jerry,8/27/68,6,true,Rodriguez,
donaldramirez,976,15.64,Employee,Fun!23,Donald,10/14/51,4,false,Ramirez,
stephanieperry,977,35.48,Employee,Fun!23,Stephanie,8/22/61,9,false,Perry,
samuelburton,978,40.54,Employee,Fun!23,Samuel,6/19/45,4,true,Burton,
anthonybyrd,979,0.64,Employee,Fun!23,Anthony,11/24/98,8,false,Byrd,
marissahenry,980,37.64,Employee,Fun!23,Marissa,7/29/98,6,false,Henry,
mariahblack,981,5.31,Employee,Fun!23,Mariah,12/18/50,7,true,Black,
sarawest,982,2.17,Employee,Fun!23,Sara,10/20/47,7,false,West,
jenniferpreston,983,39.11,Employee,Fun!23,Jennifer,11/26/08,4,false,Preston,
monicasullivan,984,3.36,Employee,Fun!23,Monica,9/23/74,7,false,Sullivan,
luissolomon,985,13.39,Employee,Fun!23,Luis,4/16/80,5,true,Solomon,
michaeljohnson,986,13.31,Employee,Fun!23,Michael,2/6/00,10,false,Johnson,
stacymaldonado,987,20.15,Employee,Fun!23,Stacy,4/30/55,7,true,Maldonado,
carmenpetersen,988,5.3,Employee,Fun!23,Carmen,6/7/85,7,true,Petersen,
zacharycampbell,989,36.16,Employee,Fun!23,Zachary,4/9/48,6,false,Campbell,
timothygreene,990,11.01,Employee,Fun!23,Timothy,7/31/22,12,false,Greene,
emilyjackson,991,2.53,Employee,Fun!23,Emily,7/8/86,10,false,Jackson,
paulsalas,992,46.01,Employee,Fun!23,Paul,4/22/63,7,false,Salas,
danielleconrad,993,40.95,Employee,Fun!23,Danielle,10/10/82,6,false,Conrad,
robertkennedy,994,60.65,Employee,Fun!23,Robert,4/16/99,4,true,Kennedy,
dianarivera,995,2.46,Employee,Fun!23,Diana,6/5/47,8,true,Rivera,
shawnsantos,996,21.49,Employee,Fun!23,Shawn,3/30/23,4,false,Santos,
jamiebrown,997,15.92,Employee,Fun!23,Jamie,4/21/55,19,false,Brown,
elizabethmedina,998,33.19,Employee,Fun!23,Elizabeth,2/18/28,6,false,Medina,
kimberlymejia,999,10.92,Employee,Fun!23,Kimberly,9/19/54,7,true,Mejia,
lorilivingston,1000,57.73,Employee,Fun!23,Lori,8/6/92,6,true,Livingston,
ryanpeterson,1001,3.18,Employee,Fun!23,Ryan,11/5/94,5,true,Peterson,
andrewhall,1002,41.28,Employee,Fun!23,Andrew,5/18/34,7,true,Hall,
davidjohnson,1003,22.33,Employee,Fun!23,David,5/12/05,7,true,Johnson,
josephhanna,1004,59.02,Employee,Fun!23,Joseph,12/26/90,7,false,Hanna,
tammythomas,1005,15.9,Employee,Fun!23,Tammy,9/4/38,10,false,Thomas,
elizabethjackson,1006,69.97,Employee,Fun!23,Elizabeth,7/31/98,6,false,Jackson,
melissaholt,1007,30.89,Employee,Fun!23,Melissa,1/1/57,5,false,Holt,
laurawilliams,1008,57.68,Employee,Fun!23,Laura,12/12/34,7,false,Williams,
courtneyolsen,1009,13.63,Employee,Fun!23,Courtney,1/1/06,10,false,Olsen,
bethmoss,1010,43.0,Employee,Fun!23,Beth,5/30/32,7,true,Moss,
charleschambers,1011,35.92,Employee,Fun!23,Charles,7/15/46,3,false,Chambers,
mikayladennis,1012,33.85,Employee,Fun!23,Mikayla,1/19/41,14,true,Dennis,
carloslynch,1013,11.98,Employee,Fun!23,Carlos,10/1/41,6,false,Lynch,
austinlewis,1014,44.52,Employee,Fun!23,Austin,1/8/81,15,false,Lewis,
patriciahughes,1015,39.09,Employee,Fun!23,Patricia,2/27/03,4,false,Hughes,
johnsanders,1016,41.13,Employee,Fun!23,John,5/5/94,8,false,Sanders,
kimcraig,1017,20.92,Employee,Fun!23,Kim,3/6/86,15,true,Craig,
jamesmitchell,1018,36.48,Employee,Fun!23,James,12/24/88,9,true,Mitchell,
thomasstevenson,1019,11.67,Employee,Fun!23,Thomas,9/8/54,4,true,Stevenson,
tonyaelliott,1020,7.79,Employee,Fun!23,Tonya,11/2/73,9,true,Elliott,
markbutler,1021,10.65,Employee,Fun!23,Mark,1/12/18,15,false,Butler,
bryanmassey,1022,39.74,Employee,Fun!23,Bryan,5/17/52,7,false,Massey,
lisayu,1023,70.51,Employee,Fun!23,Lisa,5/4/20,6,true,Yu,
kristenmartinez,1024,41.65,Employee,Fun!23,Kristen,9/9/96,13,true,Martinez,
mariakelly,1025,42.2,Employee,Fun!23,Maria,2/15/17,6,true,Kelly,
timothywagner,1026,6.52,Employee,Fun!23,Timothy,6/5/17,13,true,Wagner,
erinbarton,1027,5.77,Employee,Fun!23,Erin,1/8/73,13,false,Barton,
stephenpeters,1028,7.47,Employee,Fun!23,Stephen,7/6/71,9,false,Peters,
jessicasmith,1029,20.25,Employee,Fun!23,Jessica,7/3/76,7,false,Smith,
vanessacarson,1030,30.54,Employee,Fun!23,Vanessa,7/12/90,8,true,Carson,
wendyphillips,1031,51.78,Employee,Fun!23,Wendy,2/23/60,6,false,Phillips,
kimberlyharris,1032,53.66,Employee,Fun!23,Kimberly,7/18/32,8,false,Harris,
angelaenglish,1033,46.46,Employee,Fun!23,Angela,2/27/28,5,true,English,
taylorjohnson,1034,5.97,Employee,Fun!23,Taylor,6/29/52,9,true,Johnson,
brookemaxwell,1035,29.01,Employee,Fun!23,Brooke,6/21/19,5,false,Maxwell,
shellyjones,1036,1.57,Employee,Fun!23,Shelly,11/23/85,7,true,Jones,
corybyrd,1037,2.41,Employee,Fun!23,Cory,1/12/98,6,true,Byrd,
amandabaker,1038,11.41,Employee,Fun!23,Amanda,9/10/95,12,true,Baker,
kendrasawyer,1039,49.95,Employee,Fun!23,Kendra,4/21/49,7,false,Sawyer,
